text,x0,x1,top,doctop,bottom,upright,height,width,direction,fontname,size
（２）,32.1,74.04,57.096900000000005,24475.0969,71.07690000000002,True,13.980000000000018,41.940000000000005,ltr,EJCBDJ+HGMaruGothicMPRO,13.980000000000018
相対取引価格・数量,83.339496,209.159496,57.096900000000005,24475.0969,71.07690000000002,True,13.980000000000018,125.82,ltr,EJCBDJ+HGMaruGothicMPRO,13.980000000000018
（令和元年産米、産地品種銘柄別,209.16,386.89300000000003,58.799699999999916,24476.7997,70.79969999999992,True,12.0,177.73300000000003,ltr,EJCBDJ+HGMaruGothicMPRO,12.0
相対取引価格・数量（北海道から三重まで）,49.56,229.56,93.41970000000003,24511.4197,102.41970000000003,True,9.0,180.0,ltr,EJBBFG+MS-Gothic,9.0
価格,283.68,305.64000000000004,788.8569,25206.8569,799.8369,True,10.980000000000018,21.960000000000036,ltr,EJAPHB+MS-PGothic,10.979999999999997
2,305.64,311.20686,790.0647,25208.0647,801.0447,True,10.980000000000018,5.56686000000002,ltr,EJBKFC+Calibri,10.979999999999997
産地,44.76,56.36028338,129.17969800000003,24547.179698,134.97039800000005,True,5.790700000000015,11.60028338,ltr,EJAPHB+MS-PGothic,5.790700000000015
品種銘柄,73.68007466,96.80029663999998,129.17969800000003,24547.179698,134.97039800000005,True,5.790700000000015,23.120221979999982,ltr,EJAPHB+MS-PGothic,5.790700000000015
元年産米,283.92,305.5992514,129.19093199999998,24547.190932,134.619732,True,5.428800000000024,21.6792514,ltr,EJAPHB+MS-PGothic,5.428800000000024
30年産米,312.8401192,334.8797341,129.19093199999998,24547.190932,134.619732,True,5.428800000000024,22.039614900000004,ltr,EJAPHB+MS-PGothic,5.428800000000024
価格,118.14,130.04027576000001,140.39969799999994,24558.399698,146.19039799999996,True,5.790700000000015,11.900275760000014,ltr,EJAPHB+MS-PGothic,5.790700000000015
数量,148.08027995999998,160.04066980000002,140.39969799999994,24558.399698,146.19039799999996,True,5.790700000000015,11.960389840000033,ltr,EJAPHB+MS-PGothic,5.790700000000015
対前月比,205.56,224.35640172,141.09331399999996,24559.093314,145.79841399999998,True,4.705100000000016,18.796401720000006,ltr,EJAPHB+MS-PGothic,4.705100000000016
対,231.90022904,236.59662904,138.21332228999995,24556.21332229,142.91842228999997,True,4.705100000000016,4.696400000000011,ltr,EJAPHB+MS-PGothic,4.705100000000016
同,231.90022904,236.59662904,143.97330570999998,24561.97330571,148.67840571,True,4.705100000000016,4.696400000000011,ltr,EJAPHB+MS-PGothic,4.705100000000016
前,236.64030556,241.33670556,138.21332228999995,24556.21332229,142.91842228999997,True,4.705100000000016,4.696400000000011,ltr,EJAPHB+MS-PGothic,4.705100000000016
月,236.64030556,241.33670556,143.97330570999998,24561.97330571,148.67840571,True,4.705100000000016,4.696400000000011,ltr,EJAPHB+MS-PGothic,4.705100000000016
年,241.32026816,246.01666816000002,138.21332228999995,24556.21332229,142.91842228999997,True,4.705100000000016,4.696400000000011,ltr,EJAPHB+MS-PGothic,4.705100000000016
比,241.32026816,246.01666816000002,143.97330570999998,24561.97330571,148.67840571,True,4.705100000000016,4.696400000000011,ltr,EJAPHB+MS-PGothic,4.705100000000016
出回り～,284.64,304.87888119999997,137.530932,24555.530932,142.95973200000003,True,5.428800000000024,20.23888119999998,ltr,EJAPHB+MS-PGothic,5.428800000000024
出回り～,313.9204827,334.15936389999996,137.530932,24555.530932,142.95973200000003,True,5.428800000000024,20.23888119999998,ltr,EJAPHB+MS-PGothic,5.428800000000024
2年8月,286.4401918,303.07923129999995,144.01074768,24562.01074768,149.43954768000003,True,5.428800000000024,16.639039499999967,ltr,EJAPHB+MS-PGothic,5.428800000000024
元年10月,312.84047599999997,334.88009089999997,144.01074768,24562.01074768,149.43954768000003,True,5.428800000000024,22.039614900000004,ltr,EJAPHB+MS-PGothic,5.428800000000024
対前年,343.56,357.6163252,138.21331399999997,24556.213314,142.91841399999998,True,4.705100000000016,14.056325200000003,ltr,EJAPHB+MS-PGothic,4.705100000000016
同月比,343.56,357.6163252,143.97329742,24561.97329742,148.67839742,True,4.705100000000016,14.056325200000003,ltr,EJAPHB+MS-PGothic,4.705100000000016
①,121.38,127.16019999999999,151.97969799999998,24569.979698,157.770398,True,5.790700000000015,5.780199999999994,ltr,EJAPHB+MS-PGothic,5.790700000000015
②,151.38039404,157.16059404,151.97969799999998,24569.979698,157.770398,True,5.790700000000015,5.780200000000008,ltr,EJAPHB+MS-PGothic,5.790700000000015
③,185.70090956,191.48110956000002,151.97969799999998,24569.979698,157.770398,True,5.790700000000015,5.780200000000008,ltr,EJAPHB+MS-PGothic,5.790700000000015
①/③,207.72115947999998,222.1375563,151.97969799999998,24569.979698,157.770398,True,5.790700000000015,14.416396820000017,ltr,EJAPHB+MS-PGothic,5.790700000000015
①/④,231.53731753999998,246.01787457999995,151.97969799999998,24569.979698,157.770398,True,5.790700000000015,14.48055703999998,ltr,EJAPHB+MS-PGothic,5.790700000000015
④,262.61803095999994,268.3982309599999,151.97969799999998,24569.979698,157.770398,True,5.790700000000015,5.780199999999979,ltr,EJAPHB+MS-PGothic,5.790700000000015
⑦,291.89821207999995,297.67841207999993,151.97969799999998,24569.979698,157.770398,True,5.790700000000015,5.780199999999979,ltr,EJAPHB+MS-PGothic,5.790700000000015
⑧,321.1182791199999,326.8984791199999,151.97969799999998,24569.979698,157.770398,True,5.790700000000015,5.780199999999979,ltr,EJAPHB+MS-PGothic,5.790700000000015
⑦/⑧,343.19864311999993,357.6213981599999,151.97969799999998,24569.979698,157.770398,True,5.790700000000015,14.42275503999997,ltr,EJAPHB+MS-PGothic,5.790700000000015
⑤,378.2416836399999,384.0218836399999,151.97969799999998,24569.979698,157.770398,True,5.790700000000015,5.780199999999979,ltr,EJAPHB+MS-PGothic,5.790700000000015
北海道,42.6,58.8792179,161.050932,24579.050932,166.479732,True,5.428800000000024,16.2792179,ltr,EJAPHB+MS-PGothic,5.428800000000024
ななつぼし,62.1002715,86.88677750000001,161.050932,24579.050932,166.479732,True,5.428800000000024,24.78650600000001,ltr,EJAPHB+MS-PGothic,5.428800000000024
"16,076",118.5,137.4704757,160.66829199999995,24578.668292,166.82109200000002,True,6.15280000000007,18.97047570000001,ltr,EJAPHB+MS-PGothic,6.15280000000007
"3,585",152.09966643,167.40992733,160.66829199999995,24578.668292,166.82109200000002,True,6.15280000000007,15.310260899999975,ltr,EJAPHB+MS-PGothic,6.15280000000007
"15,901",184.56012171,201.72996825,160.66829199999995,24578.668292,166.82109200000002,True,6.15280000000007,17.16984654000001,ltr,EJAPHB+MS-PGothic,6.15280000000007
101%,212.75912892,225.60979917,160.66829199999995,24578.668292,166.82109200000002,True,6.15280000000007,12.850670250000007,ltr,EJAPHB+MS-PGothic,6.15280000000007
101%,236.63895983999998,249.43005947999998,160.66829199999995,24578.668292,166.82109200000002,True,6.15280000000007,12.791099639999999,ltr,EJAPHB+MS-PGothic,6.15280000000007
"15,909",261.53947482,278.70932136,160.66829199999995,24578.668292,166.82109200000002,True,6.15280000000007,17.16984653999998,ltr,EJAPHB+MS-PGothic,6.15280000000007
"15,872",290.81873669999993,307.9885832399999,160.66829199999995,24578.668292,166.82109200000002,True,6.15280000000007,17.16984653999998,ltr,EJAPHB+MS-PGothic,6.15280000000007
"15,996",320.0378138399999,337.2076603799999,160.66829199999995,24578.668292,166.82109200000002,True,6.15280000000007,17.16984653999998,ltr,EJAPHB+MS-PGothic,6.15280000000007
99%,351.4769709299999,361.0874912999999,160.66829199999995,24578.668292,166.82109200000002,True,6.15280000000007,9.610520370000017,ltr,EJAPHB+MS-PGothic,6.15280000000007
"4,1",380.3969667599999,386.89300000000003,160.66829199999995,24578.668292,166.82109200000002,True,6.15280000000007,6.496033240000145,ltr,EJAPHB+MS-PGothic,6.15280000000007
北海道,42.6,58.8792179,170.47093199999995,24588.470932,175.89973199999997,True,5.428800000000024,16.2792179,ltr,EJAPHB+MS-PGothic,5.428800000000024
ゆめぴりか,62.1002715,86.65430239999999,170.47093199999995,24588.470932,175.89973199999997,True,5.428800000000024,24.554030899999994,ltr,EJAPHB+MS-PGothic,5.428800000000024
"16,810",118.5,137.4704757,170.0882919999999,24588.088292,176.24109199999998,True,6.15280000000007,18.97047570000001,ltr,EJAPHB+MS-PGothic,6.15280000000007
757,157.13983134,167.41054146,170.0882919999999,24588.088292,176.24109199999998,True,6.15280000000007,10.27071011999999,ltr,EJAPHB+MS-PGothic,6.15280000000007
"16,588",184.56012171,201.72996825,170.0882919999999,24588.088292,176.24109199999998,True,6.15280000000007,17.16984654000001,ltr,EJAPHB+MS-PGothic,6.15280000000007
101%,212.75912892,225.60979917,170.0882919999999,24588.088292,176.24109199999998,True,6.15280000000007,12.850670250000007,ltr,EJAPHB+MS-PGothic,6.15280000000007
101%,236.63895983999998,249.43005947999998,170.0882919999999,24588.088292,176.24109199999998,True,6.15280000000007,12.791099639999999,ltr,EJAPHB+MS-PGothic,6.15280000000007
"16,695",261.53947482,278.70932136,170.0882919999999,24588.088292,176.24109199999998,True,6.15280000000007,17.16984653999998,ltr,EJAPHB+MS-PGothic,6.15280000000007
"16,801",290.81873669999993,307.9885832399999,170.0882919999999,24588.088292,176.24109199999998,True,6.15280000000007,17.16984653999998,ltr,EJAPHB+MS-PGothic,6.15280000000007
"16,266",320.0378138399999,337.2076603799999,170.0882919999999,24588.088292,176.24109199999998,True,6.15280000000007,17.16984653999998,ltr,EJAPHB+MS-PGothic,6.15280000000007
103%,348.2368210499999,361.0874912999999,170.0882919999999,24588.088292,176.24109199999998,True,6.15280000000007,12.850670250000007,ltr,EJAPHB+MS-PGothic,6.15280000000007
"1,0",380.3969667599999,386.89300000000003,170.0882919999999,24588.088292,176.24109199999998,True,6.15280000000007,6.496033240000145,ltr,EJAPHB+MS-PGothic,6.15280000000007
北海道,42.6,58.8792179,179.83093199999996,24597.830932,185.25973199999999,True,5.428800000000024,16.2792179,ltr,EJAPHB+MS-PGothic,5.428800000000024
きらら３９７,62.100271500000005,86.45488320000001,179.83093199999996,24597.830932,185.25973199999999,True,5.428800000000024,24.354611700000007,ltr,EJAPHB+MS-PGothic,5.428800000000024
"15,532",118.5,137.4704757,179.44829199999992,24597.448292,185.601092,True,6.15280000000007,18.97047570000001,ltr,EJAPHB+MS-PGothic,6.15280000000007
601,157.13983134,167.41054146,179.44829199999992,24597.448292,185.601092,True,6.15280000000007,10.27071011999999,ltr,EJAPHB+MS-PGothic,6.15280000000007
"15,344",184.56012171,201.72996825,179.44829199999992,24597.448292,185.601092,True,6.15280000000007,17.16984654000001,ltr,EJAPHB+MS-PGothic,6.15280000000007
101%,212.75912892,225.60979917,179.44829199999992,24597.448292,185.601092,True,6.15280000000007,12.850670250000007,ltr,EJAPHB+MS-PGothic,6.15280000000007
102%,236.63895983999998,249.43005947999998,179.44829199999992,24597.448292,185.601092,True,6.15280000000007,12.791099639999999,ltr,EJAPHB+MS-PGothic,6.15280000000007
"15,175",261.53947482,278.70932136,179.44829199999992,24597.448292,185.601092,True,6.15280000000007,17.16984653999998,ltr,EJAPHB+MS-PGothic,6.15280000000007
"15,437",290.81873669999993,307.9885832399999,179.44829199999992,24597.448292,185.601092,True,6.15280000000007,17.16984653999998,ltr,EJAPHB+MS-PGothic,6.15280000000007
"15,527",320.0378138399999,337.2076603799999,179.44829199999992,24597.448292,185.601092,True,6.15280000000007,17.16984653999998,ltr,EJAPHB+MS-PGothic,6.15280000000007
99%,351.4769709299999,361.0874912999999,179.44829199999992,24597.448292,185.601092,True,6.15280000000007,9.610520370000017,ltr,EJAPHB+MS-PGothic,6.15280000000007
5,384.7167571799999,386.89300000000003,179.44829199999992,24597.448292,185.601092,True,6.15280000000007,2.176242820000141,ltr,EJAPHB+MS-PGothic,6.15280000000007
青森,45.12,55.9991844,189.25093200000003,24607.250932,194.67973200000006,True,5.428800000000024,10.8791844,ltr,EJAPHB+MS-PGothic,5.428800000000024
まっしぐら,62.1004365,83.44641939999998,189.25093200000003,24607.250932,194.67973200000006,True,5.428800000000024,21.34598289999998,ltr,EJAPHB+MS-PGothic,5.428800000000024
"14,524",118.5,137.4704757,188.868292,24606.868292,195.02109200000007,True,6.15280000000007,18.97047570000001,ltr,EJAPHB+MS-PGothic,6.15280000000007
"3,044",152.09966643,167.40992733,188.868292,24606.868292,195.02109200000007,True,6.15280000000007,15.310260899999975,ltr,EJAPHB+MS-PGothic,6.15280000000007
"14,619",184.56012171,201.72996825,188.868292,24606.868292,195.02109200000007,True,6.15280000000007,17.16984654000001,ltr,EJAPHB+MS-PGothic,6.15280000000007
99%,215.9992788,225.60979917,188.868292,24606.868292,195.02109200000007,True,6.15280000000007,9.610520369999989,ltr,EJAPHB+MS-PGothic,6.15280000000007
98%,239.87910972,249.43005947999998,188.868292,24606.868292,195.02109200000007,True,6.15280000000007,9.55094975999998,ltr,EJAPHB+MS-PGothic,6.15280000000007
"14,856",261.53947482,278.70932136,188.868292,24606.868292,195.02109200000007,True,6.15280000000007,17.16984653999998,ltr,EJAPHB+MS-PGothic,6.15280000000007
"14,778",290.8187367,307.98858323999997,188.868292,24606.868292,195.02109200000007,True,6.15280000000007,17.16984653999998,ltr,EJAPHB+MS-PGothic,6.15280000000007
"14,758",320.03781383999996,337.20766037999994,188.868292,24606.868292,195.02109200000007,True,6.15280000000007,17.16984653999998,ltr,EJAPHB+MS-PGothic,6.15280000000007
100%,348.2368210499999,361.0874912999999,188.868292,24606.868292,195.02109200000007,True,6.15280000000007,12.850670250000007,ltr,EJAPHB+MS-PGothic,6.15280000000007
"3,8",380.39696675999994,386.89300000000003,188.868292,24606.868292,195.02109200000007,True,6.15280000000007,6.496033240000088,ltr,EJAPHB+MS-PGothic,6.15280000000007
青森,45.12,55.9991844,198.670932,24616.670932,204.09973200000002,True,5.428800000000024,10.8791844,ltr,EJAPHB+MS-PGothic,5.428800000000024
つがるロマン,62.1004365,91.73152850000001,198.670932,24616.670932,204.09973200000002,True,5.428800000000024,29.63109200000001,ltr,EJAPHB+MS-PGothic,5.428800000000024
"14,850",118.5,137.4704757,198.28829199999996,24616.288292,204.44109200000003,True,6.15280000000007,18.97047570000001,ltr,EJAPHB+MS-PGothic,6.15280000000007
850,157.13983134,167.41054146,198.28829199999996,24616.288292,204.44109200000003,True,6.15280000000007,10.27071011999999,ltr,EJAPHB+MS-PGothic,6.15280000000007
"15,438",184.56012171,201.72996825,198.28829199999996,24616.288292,204.44109200000003,True,6.15280000000007,17.16984654000001,ltr,EJAPHB+MS-PGothic,6.15280000000007
96%,215.9992788,225.60979917,198.28829199999996,24616.288292,204.44109200000003,True,6.15280000000007,9.610520369999989,ltr,EJAPHB+MS-PGothic,6.15280000000007
97%,239.87910972,249.43005947999998,198.28829199999996,24616.288292,204.44109200000003,True,6.15280000000007,9.55094975999998,ltr,EJAPHB+MS-PGothic,6.15280000000007
"15,384",261.53947482,278.70932136,198.28829199999996,24616.288292,204.44109200000003,True,6.15280000000007,17.16984653999998,ltr,EJAPHB+MS-PGothic,6.15280000000007
"15,072",290.8187367,307.98858323999997,198.28829199999996,24616.288292,204.44109200000003,True,6.15280000000007,17.16984653999998,ltr,EJAPHB+MS-PGothic,6.15280000000007
"15,075",320.03781383999996,337.20766037999994,198.28829199999996,24616.288292,204.44109200000003,True,6.15280000000007,17.16984653999998,ltr,EJAPHB+MS-PGothic,6.15280000000007
100%,348.2368210499999,361.0874912999999,198.28829199999996,24616.288292,204.44109200000003,True,6.15280000000007,12.850670250000007,ltr,EJAPHB+MS-PGothic,6.15280000000007
5,384.71675717999995,386.89300000000003,198.28829199999996,24616.288292,204.44109200000003,True,6.15280000000007,2.176242820000084,ltr,EJAPHB+MS-PGothic,6.15280000000007
岩手,45.12,55.9991844,208.09093199999995,24626.090932,213.51973199999998,True,5.428800000000024,10.8791844,ltr,EJAPHB+MS-PGothic,5.428800000000024
ひとめぼれ,62.1004365,87.01916609999999,208.09093199999995,24626.090932,213.51973199999998,True,5.428800000000024,24.918729599999992,ltr,EJAPHB+MS-PGothic,5.428800000000024
"14,290",118.5,137.4704757,207.70829199999991,24625.708292,213.86109199999999,True,6.15280000000007,18.97047570000001,ltr,EJAPHB+MS-PGothic,6.15280000000007
"1,008",152.09966643,167.40992733,207.70829199999991,24625.708292,213.86109199999999,True,6.15280000000007,15.310260899999975,ltr,EJAPHB+MS-PGothic,6.15280000000007
"15,318",184.56012171,201.72996825,207.70829199999991,24625.708292,213.86109199999999,True,6.15280000000007,17.16984654000001,ltr,EJAPHB+MS-PGothic,6.15280000000007
93%,215.9992788,225.60979917,207.70829199999991,24625.708292,213.86109199999999,True,6.15280000000007,9.610520369999989,ltr,EJAPHB+MS-PGothic,6.15280000000007
93%,239.87910972,249.43005947999998,207.70829199999991,24625.708292,213.86109199999999,True,6.15280000000007,9.55094975999998,ltr,EJAPHB+MS-PGothic,6.15280000000007
"15,406",261.53947482,278.70932136,207.70829199999991,24625.708292,213.86109199999999,True,6.15280000000007,17.16984653999998,ltr,EJAPHB+MS-PGothic,6.15280000000007
"15,317",290.8187367,307.98858323999997,207.70829199999991,24625.708292,213.86109199999999,True,6.15280000000007,17.16984653999998,ltr,EJAPHB+MS-PGothic,6.15280000000007
"15,337",320.03781383999996,337.20766037999994,207.70829199999991,24625.708292,213.86109199999999,True,6.15280000000007,17.16984653999998,ltr,EJAPHB+MS-PGothic,6.15280000000007
100%,348.2368210499999,361.0874912999999,207.70829199999991,24625.708292,213.86109199999999,True,6.15280000000007,12.850670250000007,ltr,EJAPHB+MS-PGothic,6.15280000000007
4,384.71675717999995,386.89300000000003,207.70829199999991,24625.708292,213.86109199999999,True,6.15280000000007,2.176242820000084,ltr,EJAPHB+MS-PGothic,6.15280000000007
岩手,45.12,56.000810099999995,217.51093200000003,24635.510932,222.93973200000005,True,5.428800000000024,10.880810099999998,ltr,EJAPHB+MS-PGothic,5.428800000000024
あきたこまち,62.1020622,90.6596503,217.51093200000003,24635.510932,222.93973200000005,True,5.428800000000024,28.557588099999997,ltr,EJAPHB+MS-PGothic,5.428800000000024
-,134.4,137.47065,217.128292,24635.128292,223.28109200000006,True,6.15280000000007,3.0706500000000005,ltr,EJAPHB+MS-PGothic,6.15280000000007
-,164.34006576000002,167.41071576000002,217.128292,24635.128292,223.28109200000006,True,6.15280000000007,3.0706500000000005,ltr,EJAPHB+MS-PGothic,6.15280000000007
"13,381",184.56029601,201.73014255,217.128292,24635.128292,223.28109200000006,True,6.15280000000007,17.16984654000001,ltr,EJAPHB+MS-PGothic,6.15280000000007
-,222.53932347,225.60997347,217.128292,24635.128292,223.28109200000006,True,6.15280000000007,3.0706500000000005,ltr,EJAPHB+MS-PGothic,6.15280000000007
-,246.35958378,249.43023378,217.128292,24635.128292,223.28109200000006,True,6.15280000000007,3.0706500000000005,ltr,EJAPHB+MS-PGothic,6.15280000000007
-,275.63945979,278.71010979,217.128292,24635.128292,223.28109200000006,True,6.15280000000007,3.0706500000000005,ltr,EJAPHB+MS-PGothic,6.15280000000007
"15,183",290.81952513,307.98937166999997,217.128292,24635.128292,223.28109200000006,True,6.15280000000007,17.16984653999998,ltr,EJAPHB+MS-PGothic,6.15280000000007
"15,255",320.03860226999996,337.20844880999994,217.128292,24635.128292,223.28109200000006,True,6.15280000000007,17.16984653999998,ltr,EJAPHB+MS-PGothic,6.15280000000007
100%,348.23760947999995,361.08827972999995,217.128292,24635.128292,223.28109200000006,True,6.15280000000007,12.850670250000007,ltr,EJAPHB+MS-PGothic,6.15280000000007
2,384.71754560999995,386.89300000000003,217.128292,24635.128292,223.28109200000006,True,6.15280000000007,2.175454390000084,ltr,EJAPHB+MS-PGothic,6.15280000000007
岩手,45.12,55.9991844,226.93093199999998,24644.930932,232.359732,True,5.428800000000024,10.8791844,ltr,EJAPHB+MS-PGothic,5.428800000000024
銀河のしずく,62.1004365,90.6173821,226.93093199999998,24644.930932,232.359732,True,5.428800000000024,28.5169456,ltr,EJAPHB+MS-PGothic,5.428800000000024
-,134.4,137.47065,226.54829199999995,24644.548292,232.70109200000002,True,6.15280000000007,3.0706500000000005,ltr,EJAPHB+MS-PGothic,6.15280000000007
-,164.34006576000002,167.41071576000002,226.54829199999995,24644.548292,232.70109200000002,True,6.15280000000007,3.0706500000000005,ltr,EJAPHB+MS-PGothic,6.15280000000007
-,198.66010668,201.73075668,226.54829199999995,24644.548292,232.70109200000002,True,6.15280000000007,3.0706500000000005,ltr,EJAPHB+MS-PGothic,6.15280000000007
-,222.53993760000003,225.61058760000003,226.54829199999995,24644.548292,232.70109200000002,True,6.15280000000007,3.0706500000000005,ltr,EJAPHB+MS-PGothic,6.15280000000007
-,246.36019791,249.43084791,226.54829199999995,24644.548292,232.70109200000002,True,6.15280000000007,3.0706500000000005,ltr,EJAPHB+MS-PGothic,6.15280000000007
-,275.64007392,278.71072392,226.54829199999995,24644.548292,232.70109200000002,True,6.15280000000007,3.0706500000000005,ltr,EJAPHB+MS-PGothic,6.15280000000007
"16,223",290.82013926,307.9899858,226.54829199999995,24644.548292,232.70109200000002,True,6.15280000000007,17.16984653999998,ltr,EJAPHB+MS-PGothic,6.15280000000007
-,334.13964119999997,337.2102912,226.54829199999995,24644.548292,232.70109200000002,True,6.15280000000007,3.0706500000000005,ltr,EJAPHB+MS-PGothic,6.15280000000007
-,358.01947212,361.09012212,226.54829199999995,24644.548292,232.70109200000002,True,6.15280000000007,3.0706500000000005,ltr,EJAPHB+MS-PGothic,6.15280000000007
宮城,45.12,55.9991844,236.290932,24654.290932,241.71973200000002,True,5.428800000000024,10.8791844,ltr,EJAPHB+MS-PGothic,5.428800000000024
ひとめぼれ,62.1004365,87.01916609999999,236.290932,24654.290932,241.71973200000002,True,5.428800000000024,24.918729599999992,ltr,EJAPHB+MS-PGothic,5.428800000000024
"15,543",118.5,137.4704757,235.90829199999996,24653.908292,242.06109200000003,True,6.15280000000007,18.97047570000001,ltr,EJAPHB+MS-PGothic,6.15280000000007
"2,067",152.09966643,167.40992733,235.90829199999996,24653.908292,242.06109200000003,True,6.15280000000007,15.310260899999975,ltr,EJAPHB+MS-PGothic,6.15280000000007
"15,523",184.56012171,201.72996825,235.90829199999996,24653.908292,242.06109200000003,True,6.15280000000007,17.16984654000001,ltr,EJAPHB+MS-PGothic,6.15280000000007
100%,212.75912892,225.60979917,235.90829199999996,24653.908292,242.06109200000003,True,6.15280000000007,12.850670250000007,ltr,EJAPHB+MS-PGothic,6.15280000000007
100%,236.63895983999998,249.43005947999998,235.90829199999996,24653.908292,242.06109200000003,True,6.15280000000007,12.791099639999999,ltr,EJAPHB+MS-PGothic,6.15280000000007
"15,541",261.53947482,278.70932136,235.90829199999996,24653.908292,242.06109200000003,True,6.15280000000007,17.16984653999998,ltr,EJAPHB+MS-PGothic,6.15280000000007
"15,506",290.81873669999993,307.9885832399999,235.90829199999996,24653.908292,242.06109200000003,True,6.15280000000007,17.16984653999998,ltr,EJAPHB+MS-PGothic,6.15280000000007
"15,535",320.0378138399999,337.2076603799999,235.90829199999996,24653.908292,242.06109200000003,True,6.15280000000007,17.16984653999998,ltr,EJAPHB+MS-PGothic,6.15280000000007
100%,348.2368210499999,361.0874912999999,235.90829199999996,24653.908292,242.06109200000003,True,6.15280000000007,12.850670250000007,ltr,EJAPHB+MS-PGothic,6.15280000000007
"2,0",380.3969667599999,386.89300000000003,235.90829199999996,24653.908292,242.06109200000003,True,6.15280000000007,6.496033240000145,ltr,EJAPHB+MS-PGothic,6.15280000000007
宮城,45.12,55.9991844,245.71083199999998,24663.710832,251.139632,True,5.428800000000024,10.8791844,ltr,EJAPHB+MS-PGothic,5.428800000000024
つや姫,62.1004365,78.018749,245.71083199999998,24663.710832,251.139632,True,5.428800000000024,15.918312499999999,ltr,EJAPHB+MS-PGothic,5.428800000000024
"15,426",118.5,137.4704757,245.32829199999992,24663.328292,251.481092,True,6.15280000000007,18.97047570000001,ltr,EJAPHB+MS-PGothic,6.15280000000007
288,157.13983134,167.41054146,245.32829199999992,24663.328292,251.481092,True,6.15280000000007,10.27071011999999,ltr,EJAPHB+MS-PGothic,6.15280000000007
"15,414",184.56012171,201.72996825,245.32829199999992,24663.328292,251.481092,True,6.15280000000007,17.16984654000001,ltr,EJAPHB+MS-PGothic,6.15280000000007
100%,212.75912892,225.60979917,245.32829199999992,24663.328292,251.481092,True,6.15280000000007,12.850670250000007,ltr,EJAPHB+MS-PGothic,6.15280000000007
99%,239.87910972,249.43005947999998,245.32829199999992,24663.328292,251.481092,True,6.15280000000007,9.55094975999998,ltr,EJAPHB+MS-PGothic,6.15280000000007
"15,630",261.53947482,278.70932136,245.32829199999992,24663.328292,251.481092,True,6.15280000000007,17.16984653999998,ltr,EJAPHB+MS-PGothic,6.15280000000007
"15,860",290.8187367,307.98858323999997,245.32829199999992,24663.328292,251.481092,True,6.15280000000007,17.16984653999998,ltr,EJAPHB+MS-PGothic,6.15280000000007
"15,822",320.03781383999996,337.20766037999994,245.32829199999992,24663.328292,251.481092,True,6.15280000000007,17.16984653999998,ltr,EJAPHB+MS-PGothic,6.15280000000007
100%,348.2368210499999,361.0874912999999,245.32829199999992,24663.328292,251.481092,True,6.15280000000007,12.850670250000007,ltr,EJAPHB+MS-PGothic,6.15280000000007
1,384.71675717999995,386.89300000000003,245.32829199999992,24663.328292,251.481092,True,6.15280000000007,2.176242820000084,ltr,EJAPHB+MS-PGothic,6.15280000000007
宮城,45.12,55.9991844,255.13093200000003,24673.130932,260.55973200000005,True,5.428800000000024,10.8791844,ltr,EJAPHB+MS-PGothic,5.428800000000024
ササニシキ,62.1004365,87.5854516,255.13093200000003,24673.130932,260.55973200000005,True,5.428800000000024,25.4850151,ltr,EJAPHB+MS-PGothic,5.428800000000024
-,134.4,137.47065,254.748292,24672.748292,260.90109200000006,True,6.15280000000007,3.0706500000000005,ltr,EJAPHB+MS-PGothic,6.15280000000007
-,164.34006576000002,167.41071576000002,254.748292,24672.748292,260.90109200000006,True,6.15280000000007,3.0706500000000005,ltr,EJAPHB+MS-PGothic,6.15280000000007
-,198.66010668,201.73075668,254.748292,24672.748292,260.90109200000006,True,6.15280000000007,3.0706500000000005,ltr,EJAPHB+MS-PGothic,6.15280000000007
-,222.53993760000003,225.61058760000003,254.748292,24672.748292,260.90109200000006,True,6.15280000000007,3.0706500000000005,ltr,EJAPHB+MS-PGothic,6.15280000000007
-,246.36019791,249.43084791,254.748292,24672.748292,260.90109200000006,True,6.15280000000007,3.0706500000000005,ltr,EJAPHB+MS-PGothic,6.15280000000007
"15,845",261.54026325,278.71010979,254.748292,24672.748292,260.90109200000006,True,6.15280000000007,17.16984653999998,ltr,EJAPHB+MS-PGothic,6.15280000000007
"15,776",290.81952513,307.98937166999997,254.748292,24672.748292,260.90109200000006,True,6.15280000000007,17.16984653999998,ltr,EJAPHB+MS-PGothic,6.15280000000007
"15,767",320.03860226999996,337.20844880999994,254.748292,24672.748292,260.90109200000006,True,6.15280000000007,17.16984653999998,ltr,EJAPHB+MS-PGothic,6.15280000000007
100%,348.23760947999995,361.08827972999995,254.748292,24672.748292,260.90109200000006,True,6.15280000000007,12.850670250000007,ltr,EJAPHB+MS-PGothic,6.15280000000007
秋田,45.12,56.000810099999995,264.550932,24682.550932,269.979732,True,5.428800000000024,10.880810099999998,ltr,EJAPHB+MS-PGothic,5.428800000000024
あきたこまち,62.1020622,90.6596503,264.550932,24682.550932,269.979732,True,5.428800000000024,28.557588099999997,ltr,EJAPHB+MS-PGothic,5.428800000000024
"15,144",118.5,137.4704757,264.16829199999995,24682.168292,270.321092,True,6.15280000000007,18.97047570000001,ltr,EJAPHB+MS-PGothic,6.15280000000007
"5,459",152.09966643,167.40992733,264.16829199999995,24682.168292,270.321092,True,6.15280000000007,15.310260899999975,ltr,EJAPHB+MS-PGothic,6.15280000000007
"15,623",184.56012171,201.72996825,264.16829199999995,24682.168292,270.321092,True,6.15280000000007,17.16984654000001,ltr,EJAPHB+MS-PGothic,6.15280000000007
97%,215.9992788,225.60979917,264.16829199999995,24682.168292,270.321092,True,6.15280000000007,9.610520369999989,ltr,EJAPHB+MS-PGothic,6.15280000000007
96%,239.87910972,249.43005947999998,264.16829199999995,24682.168292,270.321092,True,6.15280000000007,9.55094975999998,ltr,EJAPHB+MS-PGothic,6.15280000000007
"15,758",261.53947482,278.70932136,264.16829199999995,24682.168292,270.321092,True,6.15280000000007,17.16984653999998,ltr,EJAPHB+MS-PGothic,6.15280000000007
"15,810",290.8187367,307.98858323999997,264.16829199999995,24682.168292,270.321092,True,6.15280000000007,17.16984653999998,ltr,EJAPHB+MS-PGothic,6.15280000000007
"15,843",320.03781383999996,337.20766037999994,264.16829199999995,24682.168292,270.321092,True,6.15280000000007,17.16984653999998,ltr,EJAPHB+MS-PGothic,6.15280000000007
100%,348.2368210499999,361.0874912999999,264.16829199999995,24682.168292,270.321092,True,6.15280000000007,12.850670250000007,ltr,EJAPHB+MS-PGothic,6.15280000000007
"6,3",380.39696675999994,386.89300000000003,264.16829199999995,24682.168292,270.321092,True,6.15280000000007,6.496033240000088,ltr,EJAPHB+MS-PGothic,6.15280000000007
秋田,45.12,55.9991844,273.970832,24691.970832,279.399632,True,5.428800000000024,10.8791844,ltr,EJAPHB+MS-PGothic,5.428800000000024
めんこいな,62.1004365,86.4853946,273.970832,24691.970832,279.399632,True,5.428800000000024,24.384958100000006,ltr,EJAPHB+MS-PGothic,5.428800000000024
"14,632",118.5,137.4704757,273.58819199999994,24691.588192,279.740992,True,6.15280000000007,18.97047570000001,ltr,EJAPHB+MS-PGothic,6.15280000000007
240,157.13983134,167.41054146,273.58819199999994,24691.588192,279.740992,True,6.15280000000007,10.27071011999999,ltr,EJAPHB+MS-PGothic,6.15280000000007
"14,515",184.56012171,201.72996825,273.58819199999994,24691.588192,279.740992,True,6.15280000000007,17.16984654000001,ltr,EJAPHB+MS-PGothic,6.15280000000007
101%,212.75912892,225.60979917,273.58819199999994,24691.588192,279.740992,True,6.15280000000007,12.850670250000007,ltr,EJAPHB+MS-PGothic,6.15280000000007
97%,239.87910972,249.43005947999998,273.58819199999994,24691.588192,279.740992,True,6.15280000000007,9.55094975999998,ltr,EJAPHB+MS-PGothic,6.15280000000007
"15,069",261.53947482,278.70932136,273.58819199999994,24691.588192,279.740992,True,6.15280000000007,17.16984653999998,ltr,EJAPHB+MS-PGothic,6.15280000000007
"14,602",290.8187367,307.98858323999997,273.58819199999994,24691.588192,279.740992,True,6.15280000000007,17.16984653999998,ltr,EJAPHB+MS-PGothic,6.15280000000007
"14,784",320.03781383999996,337.20766037999994,273.58819199999994,24691.588192,279.740992,True,6.15280000000007,17.16984653999998,ltr,EJAPHB+MS-PGothic,6.15280000000007
99%,351.47697092999994,361.0874912999999,273.58819199999994,24691.588192,279.740992,True,6.15280000000007,9.61052036999996,ltr,EJAPHB+MS-PGothic,6.15280000000007
"1,8",380.39696675999994,386.89300000000003,273.58819199999994,24691.588192,279.740992,True,6.15280000000007,6.496033240000088,ltr,EJAPHB+MS-PGothic,6.15280000000007
秋田,45.12,55.9991844,283.390932,24701.390932,288.81973200000004,True,5.428800000000024,10.8791844,ltr,EJAPHB+MS-PGothic,5.428800000000024
ひとめぼれ,62.1004365,87.01916609999999,283.390932,24701.390932,288.81973200000004,True,5.428800000000024,24.918729599999992,ltr,EJAPHB+MS-PGothic,5.428800000000024
"15,380",118.5,137.4704757,283.008292,24701.008292,289.16109200000005,True,6.15280000000007,18.97047570000001,ltr,EJAPHB+MS-PGothic,6.15280000000007
785,157.13983134,167.41054146,283.008292,24701.008292,289.16109200000005,True,6.15280000000007,10.27071011999999,ltr,EJAPHB+MS-PGothic,6.15280000000007
"14,452",184.56012171,201.72996825,283.008292,24701.008292,289.16109200000005,True,6.15280000000007,17.16984654000001,ltr,EJAPHB+MS-PGothic,6.15280000000007
106%,212.75912892,225.60979917,283.008292,24701.008292,289.16109200000005,True,6.15280000000007,12.850670250000007,ltr,EJAPHB+MS-PGothic,6.15280000000007
101%,236.63895983999998,249.43005947999998,283.008292,24701.008292,289.16109200000005,True,6.15280000000007,12.791099639999999,ltr,EJAPHB+MS-PGothic,6.15280000000007
"15,244",261.53947482,278.70932136,283.008292,24701.008292,289.16109200000005,True,6.15280000000007,17.16984653999998,ltr,EJAPHB+MS-PGothic,6.15280000000007
"15,138",290.81873669999993,307.9885832399999,283.008292,24701.008292,289.16109200000005,True,6.15280000000007,17.16984653999998,ltr,EJAPHB+MS-PGothic,6.15280000000007
"15,433",320.0378138399999,337.2076603799999,283.008292,24701.008292,289.16109200000005,True,6.15280000000007,17.16984653999998,ltr,EJAPHB+MS-PGothic,6.15280000000007
98%,351.4769709299999,361.0874912999999,283.008292,24701.008292,289.16109200000005,True,6.15280000000007,9.610520370000017,ltr,EJAPHB+MS-PGothic,6.15280000000007
"2,5",380.3969667599999,386.89300000000003,283.008292,24701.008292,289.16109200000005,True,6.15280000000007,6.496033240000145,ltr,EJAPHB+MS-PGothic,6.15280000000007
山形,45.12,55.9991844,292.75093200000003,24710.750932,298.17973200000006,True,5.428800000000024,10.8791844,ltr,EJAPHB+MS-PGothic,5.428800000000024
はえぬき,62.1004365,82.5723347,292.75093200000003,24710.750932,298.17973200000006,True,5.428800000000024,20.4718982,ltr,EJAPHB+MS-PGothic,5.428800000000024
"15,353",118.5,137.4704757,292.368292,24710.368292,298.52109200000007,True,6.15280000000007,18.97047570000001,ltr,EJAPHB+MS-PGothic,6.15280000000007
"4,864",152.09966643,167.40992733,292.368292,24710.368292,298.52109200000007,True,6.15280000000007,15.310260899999975,ltr,EJAPHB+MS-PGothic,6.15280000000007
"15,220",184.56012171,201.72996825,292.368292,24710.368292,298.52109200000007,True,6.15280000000007,17.16984654000001,ltr,EJAPHB+MS-PGothic,6.15280000000007
101%,212.75912892,225.60979917,292.368292,24710.368292,298.52109200000007,True,6.15280000000007,12.850670250000007,ltr,EJAPHB+MS-PGothic,6.15280000000007
102%,236.63895983999998,249.43005947999998,292.368292,24710.368292,298.52109200000007,True,6.15280000000007,12.791099639999999,ltr,EJAPHB+MS-PGothic,6.15280000000007
"15,097",261.53947482,278.70932136,292.368292,24710.368292,298.52109200000007,True,6.15280000000007,17.16984653999998,ltr,EJAPHB+MS-PGothic,6.15280000000007
"15,368",290.81873669999993,307.9885832399999,292.368292,24710.368292,298.52109200000007,True,6.15280000000007,17.16984653999998,ltr,EJAPHB+MS-PGothic,6.15280000000007
"15,407",320.0378138399999,337.2076603799999,292.368292,24710.368292,298.52109200000007,True,6.15280000000007,17.16984653999998,ltr,EJAPHB+MS-PGothic,6.15280000000007
100%,348.2368210499999,361.0874912999999,292.368292,24710.368292,298.52109200000007,True,6.15280000000007,12.850670250000007,ltr,EJAPHB+MS-PGothic,6.15280000000007
"7,2",380.3969667599999,386.89300000000003,292.368292,24710.368292,298.52109200000007,True,6.15280000000007,6.496033240000145,ltr,EJAPHB+MS-PGothic,6.15280000000007
山形,45.12,55.9991844,302.170932,24720.170932,307.599732,True,5.428800000000024,10.8791844,ltr,EJAPHB+MS-PGothic,5.428800000000024
つや姫,62.1004365,78.018749,302.170932,24720.170932,307.599732,True,5.428800000000024,15.918312499999999,ltr,EJAPHB+MS-PGothic,5.428800000000024
"18,735",118.5,137.4704757,301.78829199999996,24719.788292,307.941092,True,6.15280000000007,18.97047570000001,ltr,EJAPHB+MS-PGothic,6.15280000000007
"1,265",152.09966643,167.40992733,301.78829199999996,24719.788292,307.941092,True,6.15280000000007,15.310260899999975,ltr,EJAPHB+MS-PGothic,6.15280000000007
"18,639",184.56012171,201.72996825,301.78829199999996,24719.788292,307.941092,True,6.15280000000007,17.16984654000001,ltr,EJAPHB+MS-PGothic,6.15280000000007
101%,212.75912892,225.60979917,301.78829199999996,24719.788292,307.941092,True,6.15280000000007,12.850670250000007,ltr,EJAPHB+MS-PGothic,6.15280000000007
99%,239.87910972,249.43005947999998,301.78829199999996,24719.788292,307.941092,True,6.15280000000007,9.55094975999998,ltr,EJAPHB+MS-PGothic,6.15280000000007
"18,908",261.53947482,278.70932136,301.78829199999996,24719.788292,307.941092,True,6.15280000000007,17.16984653999998,ltr,EJAPHB+MS-PGothic,6.15280000000007
"18,589",290.8187367,307.98858323999997,301.78829199999996,24719.788292,307.941092,True,6.15280000000007,17.16984653999998,ltr,EJAPHB+MS-PGothic,6.15280000000007
"18,347",320.03781383999996,337.20766037999994,301.78829199999996,24719.788292,307.941092,True,6.15280000000007,17.16984653999998,ltr,EJAPHB+MS-PGothic,6.15280000000007
101%,348.2368210499999,361.0874912999999,301.78829199999996,24719.788292,307.941092,True,6.15280000000007,12.850670250000007,ltr,EJAPHB+MS-PGothic,6.15280000000007
"1,7",380.39696675999994,386.89300000000003,301.78829199999996,24719.788292,307.941092,True,6.15280000000007,6.496033240000088,ltr,EJAPHB+MS-PGothic,6.15280000000007
山形,45.12,55.9991844,311.590832,24729.590832,317.019632,True,5.428800000000024,10.8791844,ltr,EJAPHB+MS-PGothic,5.428800000000024
ひとめぼれ,62.1004365,87.01916609999999,311.590832,24729.590832,317.019632,True,5.428800000000024,24.918729599999992,ltr,EJAPHB+MS-PGothic,5.428800000000024
"15,417",118.5,137.4704757,311.2082919999999,24729.208292,317.361092,True,6.15280000000007,18.97047570000001,ltr,EJAPHB+MS-PGothic,6.15280000000007
234,157.13983134,167.41054146,311.2082919999999,24729.208292,317.361092,True,6.15280000000007,10.27071011999999,ltr,EJAPHB+MS-PGothic,6.15280000000007
"15,228",184.56012171,201.72996825,311.2082919999999,24729.208292,317.361092,True,6.15280000000007,17.16984654000001,ltr,EJAPHB+MS-PGothic,6.15280000000007
101%,212.75912892,225.60979917,311.2082919999999,24729.208292,317.361092,True,6.15280000000007,12.850670250000007,ltr,EJAPHB+MS-PGothic,6.15280000000007
100%,236.63895983999998,249.43005947999998,311.2082919999999,24729.208292,317.361092,True,6.15280000000007,12.791099639999999,ltr,EJAPHB+MS-PGothic,6.15280000000007
"15,476",261.53947482,278.70932136,311.2082919999999,24729.208292,317.361092,True,6.15280000000007,17.16984653999998,ltr,EJAPHB+MS-PGothic,6.15280000000007
"16,285",290.81873669999993,307.9885832399999,311.2082919999999,24729.208292,317.361092,True,6.15280000000007,17.16984653999998,ltr,EJAPHB+MS-PGothic,6.15280000000007
"15,970",320.0378138399999,337.2076603799999,311.2082919999999,24729.208292,317.361092,True,6.15280000000007,17.16984653999998,ltr,EJAPHB+MS-PGothic,6.15280000000007
102%,348.2368210499999,361.0874912999999,311.2082919999999,24729.208292,317.361092,True,6.15280000000007,12.850670250000007,ltr,EJAPHB+MS-PGothic,6.15280000000007
5,384.7167571799999,386.89300000000003,311.2082919999999,24729.208292,317.361092,True,6.15280000000007,2.176242820000141,ltr,EJAPHB+MS-PGothic,6.15280000000007
福島,45.12,55.9991844,321.010932,24739.010932,326.43973200000005,True,5.428800000000024,10.8791844,ltr,EJAPHB+MS-PGothic,5.428800000000024
コシヒカリ（中通り）,62.1004365,103.86575330000004,321.010932,24739.010932,326.43973200000005,True,5.428800000000024,41.765316800000036,ltr,EJAPHB+MS-PGothic,5.428800000000024
"14,932",118.5,137.4704757,320.628292,24738.628292,326.78109200000006,True,6.15280000000007,18.97047570000001,ltr,EJAPHB+MS-PGothic,6.15280000000007
"2,491",152.09966643,167.40992733,320.628292,24738.628292,326.78109200000006,True,6.15280000000007,15.310260899999975,ltr,EJAPHB+MS-PGothic,6.15280000000007
"15,136",184.56012171,201.72996825,320.628292,24738.628292,326.78109200000006,True,6.15280000000007,17.16984654000001,ltr,EJAPHB+MS-PGothic,6.15280000000007
99%,215.9992788,225.60979917,320.628292,24738.628292,326.78109200000006,True,6.15280000000007,9.610520369999989,ltr,EJAPHB+MS-PGothic,6.15280000000007
95%,239.87910972,249.43005947999998,320.628292,24738.628292,326.78109200000006,True,6.15280000000007,9.55094975999998,ltr,EJAPHB+MS-PGothic,6.15280000000007
"15,659",261.53947482,278.70932136,320.628292,24738.628292,326.78109200000006,True,6.15280000000007,17.16984653999998,ltr,EJAPHB+MS-PGothic,6.15280000000007
"15,360",290.8187367,307.98858323999997,320.628292,24738.628292,326.78109200000006,True,6.15280000000007,17.16984653999998,ltr,EJAPHB+MS-PGothic,6.15280000000007
"15,463",320.03781383999996,337.20766037999994,320.628292,24738.628292,326.78109200000006,True,6.15280000000007,17.16984653999998,ltr,EJAPHB+MS-PGothic,6.15280000000007
99%,351.47697092999994,361.0874912999999,320.628292,24738.628292,326.78109200000006,True,6.15280000000007,9.61052036999996,ltr,EJAPHB+MS-PGothic,6.15280000000007
"2,2",380.39696675999994,386.89300000000003,320.628292,24738.628292,326.78109200000006,True,6.15280000000007,6.496033240000088,ltr,EJAPHB+MS-PGothic,6.15280000000007
福島,45.12,55.9991844,330.430932,24748.430932,335.859732,True,5.428800000000024,10.8791844,ltr,EJAPHB+MS-PGothic,5.428800000000024
コシヒカリ（会津）,62.1004365,99.8481067,330.430932,24748.430932,335.859732,True,5.428800000000024,37.7476702,ltr,EJAPHB+MS-PGothic,5.428800000000024
"14,805",118.5,137.4704757,330.048292,24748.048292,336.201092,True,6.152800000000013,18.97047570000001,ltr,EJAPHB+MS-PGothic,6.152800000000013
"3,111",152.09966643,167.40992733,330.048292,24748.048292,336.201092,True,6.152800000000013,15.310260899999975,ltr,EJAPHB+MS-PGothic,6.152800000000013
"14,345",184.56012171,201.72996825,330.048292,24748.048292,336.201092,True,6.152800000000013,17.16984654000001,ltr,EJAPHB+MS-PGothic,6.152800000000013
103%,212.75912892,225.60979917,330.048292,24748.048292,336.201092,True,6.152800000000013,12.850670250000007,ltr,EJAPHB+MS-PGothic,6.152800000000013
93%,239.87910972,249.43005947999998,330.048292,24748.048292,336.201092,True,6.152800000000013,9.55094975999998,ltr,EJAPHB+MS-PGothic,6.152800000000013
"15,855",261.53947482,278.70932136,330.048292,24748.048292,336.201092,True,6.152800000000013,17.16984653999998,ltr,EJAPHB+MS-PGothic,6.152800000000013
"15,570",290.8187367,307.98858323999997,330.048292,24748.048292,336.201092,True,6.152800000000013,17.16984653999998,ltr,EJAPHB+MS-PGothic,6.152800000000013
"15,528",320.03781383999996,337.20766037999994,330.048292,24748.048292,336.201092,True,6.152800000000013,17.16984653999998,ltr,EJAPHB+MS-PGothic,6.152800000000013
100%,348.2368210499999,361.0874912999999,330.048292,24748.048292,336.201092,True,6.152800000000013,12.850670250000007,ltr,EJAPHB+MS-PGothic,6.152800000000013
"2,9",380.39696675999994,386.89300000000003,330.048292,24748.048292,336.201092,True,6.152800000000013,6.496033240000088,ltr,EJAPHB+MS-PGothic,6.152800000000013
福島,45.12,55.9991844,339.850932,24757.850932,345.279732,True,5.428800000000024,10.8791844,ltr,EJAPHB+MS-PGothic,5.428800000000024
コシヒカリ（浜通り）,62.1004365,103.86575330000004,339.850932,24757.850932,345.279732,True,5.428800000000024,41.765316800000036,ltr,EJAPHB+MS-PGothic,5.428800000000024
-,134.4,137.47065,339.468292,24757.468292,345.62109200000003,True,6.152800000000013,3.0706500000000005,ltr,EJAPHB+MS-PGothic,6.152800000000013
-,164.34006576000002,167.41071576000002,339.468292,24757.468292,345.62109200000003,True,6.152800000000013,3.0706500000000005,ltr,EJAPHB+MS-PGothic,6.152800000000013
"15,390",184.56029601,201.73014255,339.468292,24757.468292,345.62109200000003,True,6.152800000000013,17.16984654000001,ltr,EJAPHB+MS-PGothic,6.152800000000013
-,222.53932347,225.60997347,339.468292,24757.468292,345.62109200000003,True,6.152800000000013,3.0706500000000005,ltr,EJAPHB+MS-PGothic,6.152800000000013
-,246.35958378,249.43023378,339.468292,24757.468292,345.62109200000003,True,6.152800000000013,3.0706500000000005,ltr,EJAPHB+MS-PGothic,6.152800000000013
-,275.63945979,278.71010979,339.468292,24757.468292,345.62109200000003,True,6.152800000000013,3.0706500000000005,ltr,EJAPHB+MS-PGothic,6.152800000000013
"14,985",290.81952513,307.98937166999997,339.468292,24757.468292,345.62109200000003,True,6.152800000000013,17.16984653999998,ltr,EJAPHB+MS-PGothic,6.152800000000013
"15,096",320.03860226999996,337.20844880999994,339.468292,24757.468292,345.62109200000003,True,6.152800000000013,17.16984653999998,ltr,EJAPHB+MS-PGothic,6.152800000000013
99%,351.47775935999994,361.08827972999995,339.468292,24757.468292,345.62109200000003,True,6.152800000000013,9.610520370000017,ltr,EJAPHB+MS-PGothic,6.152800000000013
1,384.71754560999995,386.89300000000003,339.468292,24757.468292,345.62109200000003,True,6.152800000000013,2.175454390000084,ltr,EJAPHB+MS-PGothic,6.152800000000013
福島,45.12,55.9991844,349.210932,24767.210932,354.63973200000004,True,5.428800000000024,10.8791844,ltr,EJAPHB+MS-PGothic,5.428800000000024
ひとめぼれ,62.1004365,87.01916609999999,349.210932,24767.210932,354.63973200000004,True,5.428800000000024,24.918729599999992,ltr,EJAPHB+MS-PGothic,5.428800000000024
"14,936",118.5,137.4704757,348.82829200000003,24766.828292,354.98109200000005,True,6.152800000000013,18.97047570000001,ltr,EJAPHB+MS-PGothic,6.152800000000013
888,157.13983134,167.41054146,348.82829200000003,24766.828292,354.98109200000005,True,6.152800000000013,10.27071011999999,ltr,EJAPHB+MS-PGothic,6.152800000000013
"14,408",184.56012171,201.72996825,348.82829200000003,24766.828292,354.98109200000005,True,6.152800000000013,17.16984654000001,ltr,EJAPHB+MS-PGothic,6.152800000000013
104%,212.75912892,225.60979917,348.82829200000003,24766.828292,354.98109200000005,True,6.152800000000013,12.850670250000007,ltr,EJAPHB+MS-PGothic,6.152800000000013
98%,239.87910972,249.43005947999998,348.82829200000003,24766.828292,354.98109200000005,True,6.152800000000013,9.55094975999998,ltr,EJAPHB+MS-PGothic,6.152800000000013
"15,230",261.53947482,278.70932136,348.82829200000003,24766.828292,354.98109200000005,True,6.152800000000013,17.16984653999998,ltr,EJAPHB+MS-PGothic,6.152800000000013
"14,924",290.8187367,307.98858323999997,348.82829200000003,24766.828292,354.98109200000005,True,6.152800000000013,17.16984653999998,ltr,EJAPHB+MS-PGothic,6.152800000000013
"14,981",320.03781383999996,337.20766037999994,348.82829200000003,24766.828292,354.98109200000005,True,6.152800000000013,17.16984653999998,ltr,EJAPHB+MS-PGothic,6.152800000000013
100%,348.2368210499999,361.0874912999999,348.82829200000003,24766.828292,354.98109200000005,True,6.152800000000013,12.850670250000007,ltr,EJAPHB+MS-PGothic,6.152800000000013
"1,5",380.39696675999994,386.89300000000003,348.82829200000003,24766.828292,354.98109200000005,True,6.152800000000013,6.496033240000088,ltr,EJAPHB+MS-PGothic,6.152800000000013
福島,45.12,55.9991844,358.630932,24776.630932,364.059732,True,5.428800000000024,10.8791844,ltr,EJAPHB+MS-PGothic,5.428800000000024
天のつぶ,62.1004365,83.41878249999999,358.630932,24776.630932,364.059732,True,5.428800000000024,21.31834599999999,ltr,EJAPHB+MS-PGothic,5.428800000000024
"13,391",118.5,137.4704757,358.248292,24776.248292,364.401092,True,6.152800000000013,18.97047570000001,ltr,EJAPHB+MS-PGothic,6.152800000000013
529,157.13983134,167.41054146,358.248292,24776.248292,364.401092,True,6.152800000000013,10.27071011999999,ltr,EJAPHB+MS-PGothic,6.152800000000013
"13,687",184.56012171,201.72996825,358.248292,24776.248292,364.401092,True,6.152800000000013,17.16984654000001,ltr,EJAPHB+MS-PGothic,6.152800000000013
98%,215.9992788,225.60979917,358.248292,24776.248292,364.401092,True,6.152800000000013,9.610520369999989,ltr,EJAPHB+MS-PGothic,6.152800000000013
91%,239.87910972,249.43005947999998,358.248292,24776.248292,364.401092,True,6.152800000000013,9.55094975999998,ltr,EJAPHB+MS-PGothic,6.152800000000013
"14,720",261.53947482,278.70932136,358.248292,24776.248292,364.401092,True,6.152800000000013,17.16984653999998,ltr,EJAPHB+MS-PGothic,6.152800000000013
"14,461",290.8187367,307.98858323999997,358.248292,24776.248292,364.401092,True,6.152800000000013,17.16984653999998,ltr,EJAPHB+MS-PGothic,6.152800000000013
"14,609",320.03781383999996,337.20766037999994,358.248292,24776.248292,364.401092,True,6.152800000000013,17.16984653999998,ltr,EJAPHB+MS-PGothic,6.152800000000013
99%,351.47697092999994,361.0874912999999,358.248292,24776.248292,364.401092,True,6.152800000000013,9.61052036999996,ltr,EJAPHB+MS-PGothic,6.152800000000013
"1,5",380.39696675999994,386.89300000000003,358.248292,24776.248292,364.401092,True,6.152800000000013,6.496033240000088,ltr,EJAPHB+MS-PGothic,6.152800000000013
茨城,45.12,56.009480499999995,368.050932,24786.050932,373.479732,True,5.428800000000024,10.889480499999998,ltr,EJAPHB+MS-PGothic,5.428800000000024
コシヒカリ,62.1107326,83.4821848,368.050932,24786.050932,373.479732,True,5.428800000000024,21.3714522,ltr,EJAPHB+MS-PGothic,5.428800000000024
"14,843",118.5,137.4704757,367.668292,24785.668292,373.821092,True,6.152800000000013,18.97047570000001,ltr,EJAPHB+MS-PGothic,6.152800000000013
"1,551",152.09966643,167.40992733,367.668292,24785.668292,373.821092,True,6.152800000000013,15.310260899999975,ltr,EJAPHB+MS-PGothic,6.152800000000013
"15,162",184.56012171,201.72996825,367.668292,24785.668292,373.821092,True,6.152800000000013,17.16984654000001,ltr,EJAPHB+MS-PGothic,6.152800000000013
98%,215.9992788,225.60979917,367.668292,24785.668292,373.821092,True,6.152800000000013,9.610520369999989,ltr,EJAPHB+MS-PGothic,6.152800000000013
96%,239.87910972,249.43005947999998,367.668292,24785.668292,373.821092,True,6.152800000000013,9.55094975999998,ltr,EJAPHB+MS-PGothic,6.152800000000013
"15,480",261.53947482,278.70932136,367.668292,24785.668292,373.821092,True,6.152800000000013,17.16984653999998,ltr,EJAPHB+MS-PGothic,6.152800000000013
"15,547",290.8187367,307.98858323999997,367.668292,24785.668292,373.821092,True,6.152800000000013,17.16984653999998,ltr,EJAPHB+MS-PGothic,6.152800000000013
"15,544",320.03781383999996,337.20766037999994,367.668292,24785.668292,373.821092,True,6.152800000000013,17.16984653999998,ltr,EJAPHB+MS-PGothic,6.152800000000013
100%,348.2368210499999,361.0874912999999,367.668292,24785.668292,373.821092,True,6.152800000000013,12.850670250000007,ltr,EJAPHB+MS-PGothic,6.152800000000013
"6,6",380.39696675999994,386.89300000000003,367.668292,24785.668292,373.821092,True,6.152800000000013,6.496033240000088,ltr,EJAPHB+MS-PGothic,6.152800000000013
茨城,45.12,56.000810099999995,377.470932,24795.470932,382.89973200000003,True,5.428800000000024,10.880810099999998,ltr,EJAPHB+MS-PGothic,5.428800000000024
あきたこまち,62.1020622,90.6596503,377.470932,24795.470932,382.89973200000003,True,5.428800000000024,28.557588099999997,ltr,EJAPHB+MS-PGothic,5.428800000000024
-,134.4,137.47065,377.088292,24795.088292,383.24109200000004,True,6.152800000000013,3.0706500000000005,ltr,EJAPHB+MS-PGothic,6.152800000000013
-,164.34006576000002,167.41071576000002,377.088292,24795.088292,383.24109200000004,True,6.152800000000013,3.0706500000000005,ltr,EJAPHB+MS-PGothic,6.152800000000013
-,198.66010668,201.73075668,377.088292,24795.088292,383.24109200000004,True,6.152800000000013,3.0706500000000005,ltr,EJAPHB+MS-PGothic,6.152800000000013
-,222.53993760000003,225.61058760000003,377.088292,24795.088292,383.24109200000004,True,6.152800000000013,3.0706500000000005,ltr,EJAPHB+MS-PGothic,6.152800000000013
-,246.36019791,249.43084791,377.088292,24795.088292,383.24109200000004,True,6.152800000000013,3.0706500000000005,ltr,EJAPHB+MS-PGothic,6.152800000000013
-,275.64007392,278.71072392,377.088292,24795.088292,383.24109200000004,True,6.152800000000013,3.0706500000000005,ltr,EJAPHB+MS-PGothic,6.152800000000013
"15,471",290.82013926,307.9899858,377.088292,24795.088292,383.24109200000004,True,6.152800000000013,17.16984653999998,ltr,EJAPHB+MS-PGothic,6.152800000000013
"15,108",320.0392164,337.20906293999997,377.088292,24795.088292,383.24109200000004,True,6.152800000000013,17.16984653999998,ltr,EJAPHB+MS-PGothic,6.152800000000013
102%,348.23822361,361.08889386,377.088292,24795.088292,383.24109200000004,True,6.152800000000013,12.850670250000007,ltr,EJAPHB+MS-PGothic,6.152800000000013
茨城,45.12,55.9991844,386.890932,24804.890932,392.31973200000004,True,5.428800000000024,10.8791844,ltr,EJAPHB+MS-PGothic,5.428800000000024
あさひの夢,62.1004365,87.01916609999999,386.890932,24804.890932,392.31973200000004,True,5.428800000000024,24.918729599999992,ltr,EJAPHB+MS-PGothic,5.428800000000024
"13,396",118.5,137.4704757,386.508292,24804.508292,392.661092,True,6.152800000000013,18.97047570000001,ltr,EJAPHB+MS-PGothic,6.152800000000013
157,157.13983134,167.41054146,386.508292,24804.508292,392.661092,True,6.152800000000013,10.27071011999999,ltr,EJAPHB+MS-PGothic,6.152800000000013
-,198.65993238,201.73058238,386.508292,24804.508292,392.661092,True,6.152800000000013,3.0706500000000005,ltr,EJAPHB+MS-PGothic,6.152800000000013
-,222.5397633,225.6104133,386.508292,24804.508292,392.661092,True,6.152800000000013,3.0706500000000005,ltr,EJAPHB+MS-PGothic,6.152800000000013
-,246.36002360999998,249.43067360999999,386.508292,24804.508292,392.661092,True,6.152800000000013,3.0706500000000005,ltr,EJAPHB+MS-PGothic,6.152800000000013
-,275.63989962,278.71054962,386.508292,24804.508292,392.661092,True,6.152800000000013,3.0706500000000005,ltr,EJAPHB+MS-PGothic,6.152800000000013
"13,588",290.81996496,307.9898115,386.508292,24804.508292,392.661092,True,6.152800000000013,17.16984653999998,ltr,EJAPHB+MS-PGothic,6.152800000000013
-,334.13946689999995,337.21011689999995,386.508292,24804.508292,392.661092,True,6.152800000000013,3.0706500000000005,ltr,EJAPHB+MS-PGothic,6.152800000000013
-,358.01929781999996,361.08994781999996,386.508292,24804.508292,392.661092,True,6.152800000000013,3.0706500000000005,ltr,EJAPHB+MS-PGothic,6.152800000000013
栃木,45.12,56.009480499999995,396.310932,24814.310932,401.739732,True,5.428800000000024,10.889480499999998,ltr,EJAPHB+MS-PGothic,5.428800000000024
コシヒカリ,62.1107326,83.4821848,396.310932,24814.310932,401.739732,True,5.428800000000024,21.3714522,ltr,EJAPHB+MS-PGothic,5.428800000000024
"15,257",118.5,137.4704757,395.928292,24813.928292,402.081092,True,6.152800000000013,18.97047570000001,ltr,EJAPHB+MS-PGothic,6.152800000000013
"2,566",152.09966643,167.40992733,395.928292,24813.928292,402.081092,True,6.152800000000013,15.310260899999975,ltr,EJAPHB+MS-PGothic,6.152800000000013
"15,284",184.56012171,201.72996825,395.928292,24813.928292,402.081092,True,6.152800000000013,17.16984654000001,ltr,EJAPHB+MS-PGothic,6.152800000000013
100%,212.75912892,225.60979917,395.928292,24813.928292,402.081092,True,6.152800000000013,12.850670250000007,ltr,EJAPHB+MS-PGothic,6.152800000000013
99%,239.87910972,249.43005947999998,395.928292,24813.928292,402.081092,True,6.152800000000013,9.55094975999998,ltr,EJAPHB+MS-PGothic,6.152800000000013
"15,415",261.53947482,278.70932136,395.928292,24813.928292,402.081092,True,6.152800000000013,17.16984653999998,ltr,EJAPHB+MS-PGothic,6.152800000000013
"15,601",290.8187367,307.98858323999997,395.928292,24813.928292,402.081092,True,6.152800000000013,17.16984653999998,ltr,EJAPHB+MS-PGothic,6.152800000000013
"15,596",320.03781383999996,337.20766037999994,395.928292,24813.928292,402.081092,True,6.152800000000013,17.16984653999998,ltr,EJAPHB+MS-PGothic,6.152800000000013
100%,348.2368210499999,361.0874912999999,395.928292,24813.928292,402.081092,True,6.152800000000013,12.850670250000007,ltr,EJAPHB+MS-PGothic,6.152800000000013
"5,0",380.39696675999994,386.89300000000003,395.928292,24813.928292,402.081092,True,6.152800000000013,6.496033240000088,ltr,EJAPHB+MS-PGothic,6.152800000000013
栃木,45.12,55.9991844,405.670932,24823.670932,411.099732,True,5.428800000000024,10.8791844,ltr,EJAPHB+MS-PGothic,5.428800000000024
あさひの夢,62.1004365,87.01916609999999,405.670932,24823.670932,411.099732,True,5.428800000000024,24.918729599999992,ltr,EJAPHB+MS-PGothic,5.428800000000024
"14,487",118.5,137.4704757,405.288292,24823.288292,411.441092,True,6.152800000000013,18.97047570000001,ltr,EJAPHB+MS-PGothic,6.152800000000013
275,157.13983134,167.41054146,405.288292,24823.288292,411.441092,True,6.152800000000013,10.27071011999999,ltr,EJAPHB+MS-PGothic,6.152800000000013
"14,393",184.56012171,201.72996825,405.288292,24823.288292,411.441092,True,6.152800000000013,17.16984654000001,ltr,EJAPHB+MS-PGothic,6.152800000000013
101%,212.75912892,225.60979917,405.288292,24823.288292,411.441092,True,6.152800000000013,12.850670250000007,ltr,EJAPHB+MS-PGothic,6.152800000000013
99%,239.87910972,249.43005947999998,405.288292,24823.288292,411.441092,True,6.152800000000013,9.55094975999998,ltr,EJAPHB+MS-PGothic,6.152800000000013
"14,599",261.53947482,278.70932136,405.288292,24823.288292,411.441092,True,6.152800000000013,17.16984653999998,ltr,EJAPHB+MS-PGothic,6.152800000000013
"14,830",290.8187367,307.98858323999997,405.288292,24823.288292,411.441092,True,6.152800000000013,17.16984653999998,ltr,EJAPHB+MS-PGothic,6.152800000000013
"14,789",320.03781383999996,337.20766037999994,405.288292,24823.288292,411.441092,True,6.152800000000013,17.16984653999998,ltr,EJAPHB+MS-PGothic,6.152800000000013
100%,348.2368210499999,361.0874912999999,405.288292,24823.288292,411.441092,True,6.152800000000013,12.850670250000007,ltr,EJAPHB+MS-PGothic,6.152800000000013
6,384.71675717999995,386.89300000000003,405.288292,24823.288292,411.441092,True,6.152800000000013,2.176242820000084,ltr,EJAPHB+MS-PGothic,6.152800000000013
栃木,45.12,55.9991844,415.090932,24833.090932,420.51973200000003,True,5.428800000000024,10.8791844,ltr,EJAPHB+MS-PGothic,5.428800000000024
とちぎの星,62.1004365,86.65826069999999,415.090932,24833.090932,420.51973200000003,True,5.428800000000024,24.557824199999985,ltr,EJAPHB+MS-PGothic,5.428800000000024
"14,423",118.5,137.4704757,414.70829200000003,24832.708292,420.86109200000004,True,6.152800000000013,18.97047570000001,ltr,EJAPHB+MS-PGothic,6.152800000000013
492,157.13983134,167.41054146,414.70829200000003,24832.708292,420.86109200000004,True,6.152800000000013,10.27071011999999,ltr,EJAPHB+MS-PGothic,6.152800000000013
"14,565",184.56012171,201.72996825,414.70829200000003,24832.708292,420.86109200000004,True,6.152800000000013,17.16984654000001,ltr,EJAPHB+MS-PGothic,6.152800000000013
99%,215.9992788,225.60979917,414.70829200000003,24832.708292,420.86109200000004,True,6.152800000000013,9.610520369999989,ltr,EJAPHB+MS-PGothic,6.152800000000013
-,246.35940948,249.43005948,414.70829200000003,24832.708292,420.86109200000004,True,6.152800000000013,3.0706500000000005,ltr,EJAPHB+MS-PGothic,6.152800000000013
-,275.63928549,278.70993549,414.70829200000003,24832.708292,420.86109200000004,True,6.152800000000013,3.0706500000000005,ltr,EJAPHB+MS-PGothic,6.152800000000013
"14,983",290.81935083,307.98919736999994,414.70829200000003,24832.708292,420.86109200000004,True,6.152800000000013,17.169846539999924,ltr,EJAPHB+MS-PGothic,6.152800000000013
-,334.13885276999997,337.20950277,414.70829200000003,24832.708292,420.86109200000004,True,6.152800000000013,3.0706500000000005,ltr,EJAPHB+MS-PGothic,6.152800000000013
-,358.01868369,361.08933369,414.70829200000003,24832.708292,420.86109200000004,True,6.152800000000013,3.0706500000000005,ltr,EJAPHB+MS-PGothic,6.152800000000013
2,384.71859957000004,386.89300000000003,414.70829200000003,24832.708292,420.86109200000004,True,6.152800000000013,2.1744004299999915,ltr,EJAPHB+MS-PGothic,6.152800000000013
群馬,45.12,55.9991844,424.510932,24842.510932,429.93973200000005,True,5.428800000000024,10.8791844,ltr,EJAPHB+MS-PGothic,5.428800000000024
あさひの夢,62.1004365,87.01916609999999,424.510932,24842.510932,429.93973200000005,True,5.428800000000024,24.918729599999992,ltr,EJAPHB+MS-PGothic,5.428800000000024
-,134.4,137.47065,424.128292,24842.128292,430.281092,True,6.152800000000013,3.0706500000000005,ltr,EJAPHB+MS-PGothic,6.152800000000013
-,164.34006576000002,167.41071576000002,424.128292,24842.128292,430.281092,True,6.152800000000013,3.0706500000000005,ltr,EJAPHB+MS-PGothic,6.152800000000013
-,198.66010668,201.73075668,424.128292,24842.128292,430.281092,True,6.152800000000013,3.0706500000000005,ltr,EJAPHB+MS-PGothic,6.152800000000013
-,222.53993760000003,225.61058760000003,424.128292,24842.128292,430.281092,True,6.152800000000013,3.0706500000000005,ltr,EJAPHB+MS-PGothic,6.152800000000013
-,246.36019791,249.43084791,424.128292,24842.128292,430.281092,True,6.152800000000013,3.0706500000000005,ltr,EJAPHB+MS-PGothic,6.152800000000013
"14,650",261.54026325,278.71010979,424.128292,24842.128292,430.281092,True,6.152800000000013,17.16984653999998,ltr,EJAPHB+MS-PGothic,6.152800000000013
"14,936",290.81952513,307.98937166999997,424.128292,24842.128292,430.281092,True,6.152800000000013,17.16984653999998,ltr,EJAPHB+MS-PGothic,6.152800000000013
"15,087",320.03860226999996,337.20844880999994,424.128292,24842.128292,430.281092,True,6.152800000000013,17.16984653999998,ltr,EJAPHB+MS-PGothic,6.152800000000013
99%,351.47775935999994,361.08827972999995,424.128292,24842.128292,430.281092,True,6.152800000000013,9.610520370000017,ltr,EJAPHB+MS-PGothic,6.152800000000013
群馬,45.12,55.9991844,433.930932,24851.930932,439.359732,True,5.428800000000024,10.8791844,ltr,EJAPHB+MS-PGothic,5.428800000000024
ゆめまつり,62.1004365,86.0594612,433.930932,24851.930932,439.359732,True,5.428800000000024,23.9590247,ltr,EJAPHB+MS-PGothic,5.428800000000024
-,134.4,137.47065,433.548292,24851.548292,439.701092,True,6.152800000000013,3.0706500000000005,ltr,EJAPHB+MS-PGothic,6.152800000000013
-,164.34006576000002,167.41071576000002,433.548292,24851.548292,439.701092,True,6.152800000000013,3.0706500000000005,ltr,EJAPHB+MS-PGothic,6.152800000000013
-,198.66010668,201.73075668,433.548292,24851.548292,439.701092,True,6.152800000000013,3.0706500000000005,ltr,EJAPHB+MS-PGothic,6.152800000000013
-,222.53993760000003,225.61058760000003,433.548292,24851.548292,439.701092,True,6.152800000000013,3.0706500000000005,ltr,EJAPHB+MS-PGothic,6.152800000000013
-,246.36019791,249.43084791,433.548292,24851.548292,439.701092,True,6.152800000000013,3.0706500000000005,ltr,EJAPHB+MS-PGothic,6.152800000000013
"14,675",261.54026325,278.71010979,433.548292,24851.548292,439.701092,True,6.152800000000013,17.16984653999998,ltr,EJAPHB+MS-PGothic,6.152800000000013
"14,875",290.81952513,307.98937166999997,433.548292,24851.548292,439.701092,True,6.152800000000013,17.16984653999998,ltr,EJAPHB+MS-PGothic,6.152800000000013
"14,916",320.03860226999996,337.20844880999994,433.548292,24851.548292,439.701092,True,6.152800000000013,17.16984653999998,ltr,EJAPHB+MS-PGothic,6.152800000000013
100%,348.23760947999995,361.08827972999995,433.548292,24851.548292,439.701092,True,6.152800000000013,12.850670250000007,ltr,EJAPHB+MS-PGothic,6.152800000000013
埼玉,45.12,55.9991844,443.350932,24861.350932,448.779732,True,5.428800000000024,10.8791844,ltr,EJAPHB+MS-PGothic,5.428800000000024
彩のかがやき,62.1004365,93.79454179999999,443.350932,24861.350932,448.779732,True,5.428800000000024,31.69410529999999,ltr,EJAPHB+MS-PGothic,5.428800000000024
"13,328",118.5,137.4704757,442.968292,24860.968292,449.12109200000003,True,6.152800000000013,18.97047570000001,ltr,EJAPHB+MS-PGothic,6.152800000000013
210,157.13983134,167.41054146,442.968292,24860.968292,449.12109200000003,True,6.152800000000013,10.27071011999999,ltr,EJAPHB+MS-PGothic,6.152800000000013
-,198.65993238,201.73058238,442.968292,24860.968292,449.12109200000003,True,6.152800000000013,3.0706500000000005,ltr,EJAPHB+MS-PGothic,6.152800000000013
-,222.5397633,225.6104133,442.968292,24860.968292,449.12109200000003,True,6.152800000000013,3.0706500000000005,ltr,EJAPHB+MS-PGothic,6.152800000000013
87%,239.87972385,249.43067360999999,442.968292,24860.968292,449.12109200000003,True,6.152800000000013,9.55094975999998,ltr,EJAPHB+MS-PGothic,6.152800000000013
"15,283",261.54008895,278.70993548999996,442.968292,24860.968292,449.12109200000003,True,6.152800000000013,17.16984653999998,ltr,EJAPHB+MS-PGothic,6.152800000000013
"14,904",290.81935082999996,307.98919736999994,442.968292,24860.968292,449.12109200000003,True,6.152800000000013,17.16984653999998,ltr,EJAPHB+MS-PGothic,6.152800000000013
"15,169",320.03842796999993,337.2082745099999,442.968292,24860.968292,449.12109200000003,True,6.152800000000013,17.16984653999998,ltr,EJAPHB+MS-PGothic,6.152800000000013
98%,351.4775850599999,361.0881054299999,442.968292,24860.968292,449.12109200000003,True,6.152800000000013,9.610520370000017,ltr,EJAPHB+MS-PGothic,6.152800000000013
埼玉,45.12,56.009480499999995,452.770932,24870.770932,458.19973200000004,True,5.428800000000024,10.889480499999998,ltr,EJAPHB+MS-PGothic,5.428800000000024
コシヒカリ,62.1107326,83.4821848,452.770932,24870.770932,458.19973200000004,True,5.428800000000024,21.3714522,ltr,EJAPHB+MS-PGothic,5.428800000000024
"13,942",118.5,137.4704757,452.38829200000004,24870.388292,458.54109200000005,True,6.152800000000013,18.97047570000001,ltr,EJAPHB+MS-PGothic,6.152800000000013
263,157.13983134,167.41054146,452.38829200000004,24870.388292,458.54109200000005,True,6.152800000000013,10.27071011999999,ltr,EJAPHB+MS-PGothic,6.152800000000013
-,198.65993238,201.73058238,452.38829200000004,24870.388292,458.54109200000005,True,6.152800000000013,3.0706500000000005,ltr,EJAPHB+MS-PGothic,6.152800000000013
-,222.5397633,225.6104133,452.38829200000004,24870.388292,458.54109200000005,True,6.152800000000013,3.0706500000000005,ltr,EJAPHB+MS-PGothic,6.152800000000013
89%,239.87972385,249.43067360999999,452.38829200000004,24870.388292,458.54109200000005,True,6.152800000000013,9.55094975999998,ltr,EJAPHB+MS-PGothic,6.152800000000013
"15,611",261.54008895,278.70993548999996,452.38829200000004,24870.388292,458.54109200000005,True,6.152800000000013,17.16984653999998,ltr,EJAPHB+MS-PGothic,6.152800000000013
"15,162",290.81935082999996,307.98919736999994,452.38829200000004,24870.388292,458.54109200000005,True,6.152800000000013,17.16984653999998,ltr,EJAPHB+MS-PGothic,6.152800000000013
"15,480",320.03842796999993,337.2082745099999,452.38829200000004,24870.388292,458.54109200000005,True,6.152800000000013,17.16984653999998,ltr,EJAPHB+MS-PGothic,6.152800000000013
98%,351.4775850599999,361.0881054299999,452.38829200000004,24870.388292,458.54109200000005,True,6.152800000000013,9.610520370000017,ltr,EJAPHB+MS-PGothic,6.152800000000013
埼玉,45.12,55.9991844,462.190932,24880.190932,467.619732,True,5.428800000000024,10.8791844,ltr,EJAPHB+MS-PGothic,5.428800000000024
彩のきずな,62.1004365,87.62771980000001,462.190932,24880.190932,467.619732,True,5.428800000000024,25.527283300000008,ltr,EJAPHB+MS-PGothic,5.428800000000024
-,134.4,137.47065,461.748292,24879.748292,467.901092,True,6.152800000000013,3.0706500000000005,ltr,EJAPHB+MS-PGothic,6.152800000000013
-,164.34006576000002,167.41071576000002,461.748292,24879.748292,467.901092,True,6.152800000000013,3.0706500000000005,ltr,EJAPHB+MS-PGothic,6.152800000000013
-,198.66010668,201.73075668,461.748292,24879.748292,467.901092,True,6.152800000000013,3.0706500000000005,ltr,EJAPHB+MS-PGothic,6.152800000000013
-,222.53993760000003,225.61058760000003,461.748292,24879.748292,467.901092,True,6.152800000000013,3.0706500000000005,ltr,EJAPHB+MS-PGothic,6.152800000000013
-,246.36019791,249.43084791,461.748292,24879.748292,467.901092,True,6.152800000000013,3.0706500000000005,ltr,EJAPHB+MS-PGothic,6.152800000000013
-,275.64007392,278.71072392,461.748292,24879.748292,467.901092,True,6.152800000000013,3.0706500000000005,ltr,EJAPHB+MS-PGothic,6.152800000000013
"14,918",290.82013926,307.9899858,461.748292,24879.748292,467.901092,True,6.152800000000013,17.16984653999998,ltr,EJAPHB+MS-PGothic,6.152800000000013
"15,170",320.0392164,337.20906293999997,461.748292,24879.748292,467.901092,True,6.152800000000013,17.16984653999998,ltr,EJAPHB+MS-PGothic,6.152800000000013
98%,351.47837348999997,361.08889386,461.748292,24879.748292,467.901092,True,6.152800000000013,9.610520370000017,ltr,EJAPHB+MS-PGothic,6.152800000000013
千葉,45.12,56.009480499999995,471.550932,24889.550932,476.979732,True,5.428800000000024,10.889480499999998,ltr,EJAPHB+MS-PGothic,5.428800000000024
コシヒカリ,62.1107326,83.4821848,471.550932,24889.550932,476.979732,True,5.428800000000024,21.3714522,ltr,EJAPHB+MS-PGothic,5.428800000000024
"15,562",118.5,137.4704757,471.168292,24889.168292,477.321092,True,6.152800000000013,18.97047570000001,ltr,EJAPHB+MS-PGothic,6.152800000000013
672,157.13983134,167.41054146,471.168292,24889.168292,477.321092,True,6.152800000000013,10.27071011999999,ltr,EJAPHB+MS-PGothic,6.152800000000013
"14,501",184.56012171,201.72996825,471.168292,24889.168292,477.321092,True,6.152800000000013,17.16984654000001,ltr,EJAPHB+MS-PGothic,6.152800000000013
107%,212.75912892,225.60979917,471.168292,24889.168292,477.321092,True,6.152800000000013,12.850670250000007,ltr,EJAPHB+MS-PGothic,6.152800000000013
101%,236.63895983999998,249.43005947999998,471.168292,24889.168292,477.321092,True,6.152800000000013,12.791099639999999,ltr,EJAPHB+MS-PGothic,6.152800000000013
"15,401",261.53947482,278.70932136,471.168292,24889.168292,477.321092,True,6.152800000000013,17.16984653999998,ltr,EJAPHB+MS-PGothic,6.152800000000013
"15,716",290.81873669999993,307.9885832399999,471.168292,24889.168292,477.321092,True,6.152800000000013,17.16984653999998,ltr,EJAPHB+MS-PGothic,6.152800000000013
"15,517",320.0378138399999,337.2076603799999,471.168292,24889.168292,477.321092,True,6.152800000000013,17.16984653999998,ltr,EJAPHB+MS-PGothic,6.152800000000013
101%,348.2368210499999,361.0874912999999,471.168292,24889.168292,477.321092,True,6.152800000000013,12.850670250000007,ltr,EJAPHB+MS-PGothic,6.152800000000013
"1,4",380.3969667599999,386.89300000000003,471.168292,24889.168292,477.321092,True,6.152800000000013,6.496033240000145,ltr,EJAPHB+MS-PGothic,6.152800000000013
千葉,45.12,55.9991844,480.970932,24898.970932,486.39973200000003,True,5.428800000000024,10.8791844,ltr,EJAPHB+MS-PGothic,5.428800000000024
ふさこがね,62.1004365,86.662054,480.970932,24898.970932,486.39973200000003,True,5.428800000000024,24.561617499999997,ltr,EJAPHB+MS-PGothic,5.428800000000024
"14,618",118.5,137.4704757,480.588292,24898.588292,486.74109200000004,True,6.152800000000013,18.97047570000001,ltr,EJAPHB+MS-PGothic,6.152800000000013
160,157.13983134,167.41054146,480.588292,24898.588292,486.74109200000004,True,6.152800000000013,10.27071011999999,ltr,EJAPHB+MS-PGothic,6.152800000000013
"14,626",184.56012171,201.72996825,480.588292,24898.588292,486.74109200000004,True,6.152800000000013,17.16984654000001,ltr,EJAPHB+MS-PGothic,6.152800000000013
100%,212.75912892,225.60979917,480.588292,24898.588292,486.74109200000004,True,6.152800000000013,12.850670250000007,ltr,EJAPHB+MS-PGothic,6.152800000000013
102%,236.63895983999998,249.43005947999998,480.588292,24898.588292,486.74109200000004,True,6.152800000000013,12.791099639999999,ltr,EJAPHB+MS-PGothic,6.152800000000013
"14,296",261.53947482,278.70932136,480.588292,24898.588292,486.74109200000004,True,6.152800000000013,17.16984653999998,ltr,EJAPHB+MS-PGothic,6.152800000000013
"14,751",290.81873669999993,307.9885832399999,480.588292,24898.588292,486.74109200000004,True,6.152800000000013,17.16984653999998,ltr,EJAPHB+MS-PGothic,6.152800000000013
"14,638",320.0378138399999,337.2076603799999,480.588292,24898.588292,486.74109200000004,True,6.152800000000013,17.16984653999998,ltr,EJAPHB+MS-PGothic,6.152800000000013
101%,348.2368210499999,361.0874912999999,480.588292,24898.588292,486.74109200000004,True,6.152800000000013,12.850670250000007,ltr,EJAPHB+MS-PGothic,6.152800000000013
2,384.7167571799999,386.89300000000003,480.588292,24898.588292,486.74109200000004,True,6.152800000000013,2.176242820000141,ltr,EJAPHB+MS-PGothic,6.152800000000013
千葉,45.12,55.9991844,490.390932,24908.390932,495.81973200000004,True,5.428800000000024,10.8791844,ltr,EJAPHB+MS-PGothic,5.428800000000024
ふさおとめ,62.1004365,85.83348889999999,490.390932,24908.390932,495.81973200000004,True,5.428800000000024,23.73305239999999,ltr,EJAPHB+MS-PGothic,5.428800000000024
"14,755",118.5,137.4704757,490.008292,24908.008292,496.161092,True,6.152800000000013,18.97047570000001,ltr,EJAPHB+MS-PGothic,6.152800000000013
235,157.13983134,167.41054146,490.008292,24908.008292,496.161092,True,6.152800000000013,10.27071011999999,ltr,EJAPHB+MS-PGothic,6.152800000000013
"14,696",184.56012171,201.72996825,490.008292,24908.008292,496.161092,True,6.152800000000013,17.16984654000001,ltr,EJAPHB+MS-PGothic,6.152800000000013
100%,212.75912892,225.60979917,490.008292,24908.008292,496.161092,True,6.152800000000013,12.850670250000007,ltr,EJAPHB+MS-PGothic,6.152800000000013
101%,236.63895983999998,249.43005947999998,490.008292,24908.008292,496.161092,True,6.152800000000013,12.791099639999999,ltr,EJAPHB+MS-PGothic,6.152800000000013
"14,578",261.53947482,278.70932136,490.008292,24908.008292,496.161092,True,6.152800000000013,17.16984653999998,ltr,EJAPHB+MS-PGothic,6.152800000000013
"14,877",290.81873669999993,307.9885832399999,490.008292,24908.008292,496.161092,True,6.152800000000013,17.16984653999998,ltr,EJAPHB+MS-PGothic,6.152800000000013
"14,764",320.0378138399999,337.2076603799999,490.008292,24908.008292,496.161092,True,6.152800000000013,17.16984653999998,ltr,EJAPHB+MS-PGothic,6.152800000000013
101%,348.2368210499999,361.0874912999999,490.008292,24908.008292,496.161092,True,6.152800000000013,12.850670250000007,ltr,EJAPHB+MS-PGothic,6.152800000000013
3,384.7167571799999,386.89300000000003,490.008292,24908.008292,496.161092,True,6.152800000000013,2.176242820000141,ltr,EJAPHB+MS-PGothic,6.152800000000013
山梨,45.12,56.009480499999995,499.810832,24917.810832,505.23963200000003,True,5.428800000000024,10.889480499999998,ltr,EJAPHB+MS-PGothic,5.428800000000024
コシヒカリ,62.1107326,83.4821848,499.810832,24917.810832,505.23963200000003,True,5.428800000000024,21.3714522,ltr,EJAPHB+MS-PGothic,5.428800000000024
"18,336",118.5,137.4704757,499.428292,24917.428292,505.581092,True,6.152800000000013,18.97047570000001,ltr,EJAPHB+MS-PGothic,6.152800000000013
443,157.13983134,167.41054146,499.428292,24917.428292,505.581092,True,6.152800000000013,10.27071011999999,ltr,EJAPHB+MS-PGothic,6.152800000000013
"18,118",184.56012171,201.72996825,499.428292,24917.428292,505.581092,True,6.152800000000013,17.16984654000001,ltr,EJAPHB+MS-PGothic,6.152800000000013
101%,212.75912892,225.60979917,499.428292,24917.428292,505.581092,True,6.152800000000013,12.850670250000007,ltr,EJAPHB+MS-PGothic,6.152800000000013
103%,236.63895983999998,249.43005947999998,499.428292,24917.428292,505.581092,True,6.152800000000013,12.791099639999999,ltr,EJAPHB+MS-PGothic,6.152800000000013
"17,868",261.53947482,278.70932136,499.428292,24917.428292,505.581092,True,6.152800000000013,17.16984653999998,ltr,EJAPHB+MS-PGothic,6.152800000000013
"18,325",290.81873669999993,307.9885832399999,499.428292,24917.428292,505.581092,True,6.152800000000013,17.16984653999998,ltr,EJAPHB+MS-PGothic,6.152800000000013
"18,038",320.0378138399999,337.2076603799999,499.428292,24917.428292,505.581092,True,6.152800000000013,17.16984653999998,ltr,EJAPHB+MS-PGothic,6.152800000000013
102%,348.2368210499999,361.0874912999999,499.428292,24917.428292,505.581092,True,6.152800000000013,12.850670250000007,ltr,EJAPHB+MS-PGothic,6.152800000000013
4,384.7167571799999,386.89300000000003,499.428292,24917.428292,505.581092,True,6.152800000000013,2.176242820000141,ltr,EJAPHB+MS-PGothic,6.152800000000013
長野,45.12,56.009480499999995,509.230932,24927.230932,514.6597320000001,True,5.428800000000081,10.889480499999998,ltr,EJAPHB+MS-PGothic,5.428800000000024
コシヒカリ,62.1107326,83.4821848,509.230932,24927.230932,514.6597320000001,True,5.428800000000081,21.3714522,ltr,EJAPHB+MS-PGothic,5.428800000000024
"15,527",118.5,137.4704757,508.848192,24926.848192,515.000992,True,6.152800000000013,18.97047570000001,ltr,EJAPHB+MS-PGothic,6.152800000000013
"4,278",152.09966643,167.40992733,508.848192,24926.848192,515.000992,True,6.152800000000013,15.310260899999975,ltr,EJAPHB+MS-PGothic,6.152800000000013
"15,677",184.56012171,201.72996825,508.848192,24926.848192,515.000992,True,6.152800000000013,17.16984654000001,ltr,EJAPHB+MS-PGothic,6.152800000000013
99%,215.9992788,225.60979917,508.848192,24926.848192,515.000992,True,6.152800000000013,9.610520369999989,ltr,EJAPHB+MS-PGothic,6.152800000000013
95%,239.87910972,249.43005947999998,508.848192,24926.848192,515.000992,True,6.152800000000013,9.55094975999998,ltr,EJAPHB+MS-PGothic,6.152800000000013
"16,329",261.53947482,278.70932136,508.848192,24926.848192,515.000992,True,6.152800000000013,17.16984653999998,ltr,EJAPHB+MS-PGothic,6.152800000000013
"15,996",290.8187367,307.98858323999997,508.848192,24926.848192,515.000992,True,6.152800000000013,17.16984653999998,ltr,EJAPHB+MS-PGothic,6.152800000000013
"16,087",320.03781383999996,337.20766037999994,508.848192,24926.848192,515.000992,True,6.152800000000013,17.16984653999998,ltr,EJAPHB+MS-PGothic,6.152800000000013
99%,351.47697092999994,361.0874912999999,508.848192,24926.848192,515.000992,True,6.152800000000013,9.61052036999996,ltr,EJAPHB+MS-PGothic,6.152800000000013
9,384.71675717999995,386.89300000000003,508.848192,24926.848192,515.000992,True,6.152800000000013,2.176242820000084,ltr,EJAPHB+MS-PGothic,6.152800000000013
長野,45.12,56.000810099999995,518.650832,24936.650832,524.079632,True,5.42879999999991,10.880810099999998,ltr,EJAPHB+MS-PGothic,5.428800000000024
あきたこまち,62.1020622,90.6596503,518.650832,24936.650832,524.079632,True,5.42879999999991,28.557588099999997,ltr,EJAPHB+MS-PGothic,5.428800000000024
"14,040",118.5,137.4704757,518.268292,24936.268292,524.421092,True,6.15280000000007,18.97047570000001,ltr,EJAPHB+MS-PGothic,6.152800000000013
649,157.13983134,167.41054146,518.268292,24936.268292,524.421092,True,6.15280000000007,10.27071011999999,ltr,EJAPHB+MS-PGothic,6.152800000000013
"14,975",184.56012171,201.72996825,518.268292,24936.268292,524.421092,True,6.15280000000007,17.16984654000001,ltr,EJAPHB+MS-PGothic,6.152800000000013
94%,215.9992788,225.60979917,518.268292,24936.268292,524.421092,True,6.15280000000007,9.610520369999989,ltr,EJAPHB+MS-PGothic,6.152800000000013
-,246.35940948,249.43005948,518.268292,24936.268292,524.421092,True,6.15280000000007,3.0706500000000005,ltr,EJAPHB+MS-PGothic,6.152800000000013
-,275.63928549,278.70993549,518.268292,24936.268292,524.421092,True,6.15280000000007,3.0706500000000005,ltr,EJAPHB+MS-PGothic,6.152800000000013
"15,211",290.81935083,307.98919736999994,518.268292,24936.268292,524.421092,True,6.15280000000007,17.169846539999924,ltr,EJAPHB+MS-PGothic,6.152800000000013
"15,264",320.03842797,337.20827450999997,518.268292,24936.268292,524.421092,True,6.15280000000007,17.16984653999998,ltr,EJAPHB+MS-PGothic,6.152800000000013
100%,348.2374351799999,361.0881054299999,518.268292,24936.268292,524.421092,True,6.15280000000007,12.850670250000007,ltr,EJAPHB+MS-PGothic,6.152800000000013
1,384.71737131,386.89300000000003,518.268292,24936.268292,524.421092,True,6.15280000000007,2.175628690000053,ltr,EJAPHB+MS-PGothic,6.152800000000013
静岡,45.12,56.009480499999995,528.010932,24946.010932,533.439732,True,5.428800000000024,10.889480499999998,ltr,EJAPHB+MS-PGothic,5.428800000000024
コシヒカリ,62.1107326,83.4821848,528.010932,24946.010932,533.439732,True,5.428800000000024,21.3714522,ltr,EJAPHB+MS-PGothic,5.428800000000024
-,134.4,137.47065,527.628192,24945.628192,533.780992,True,6.1527999999999565,3.0706500000000005,ltr,EJAPHB+MS-PGothic,6.152800000000013
-,164.34006576000002,167.41071576000002,527.628192,24945.628192,533.780992,True,6.1527999999999565,3.0706500000000005,ltr,EJAPHB+MS-PGothic,6.152800000000013
-,198.66010668,201.73075668,527.628192,24945.628192,533.780992,True,6.1527999999999565,3.0706500000000005,ltr,EJAPHB+MS-PGothic,6.152800000000013
-,222.53993760000003,225.61058760000003,527.628192,24945.628192,533.780992,True,6.1527999999999565,3.0706500000000005,ltr,EJAPHB+MS-PGothic,6.152800000000013
-,246.36019791,249.43084791,527.628192,24945.628192,533.780992,True,6.1527999999999565,3.0706500000000005,ltr,EJAPHB+MS-PGothic,6.152800000000013
-,275.64007392,278.71072392,527.628192,24945.628192,533.780992,True,6.1527999999999565,3.0706500000000005,ltr,EJAPHB+MS-PGothic,6.152800000000013
"16,207",290.82013926,307.9899858,527.628192,24945.628192,533.780992,True,6.1527999999999565,17.16984653999998,ltr,EJAPHB+MS-PGothic,6.152800000000013
"15,971",320.0392164,337.20906293999997,527.628192,24945.628192,533.780992,True,6.1527999999999565,17.16984653999998,ltr,EJAPHB+MS-PGothic,6.152800000000013
101%,348.23822361,361.08889386,527.628192,24945.628192,533.780992,True,6.1527999999999565,12.850670250000007,ltr,EJAPHB+MS-PGothic,6.152800000000013
静岡,45.12,55.9991844,537.430932,24955.430932,542.859732,True,5.428800000000024,10.8791844,ltr,EJAPHB+MS-PGothic,5.428800000000024
きぬむすめ,62.1004365,87.6905802,537.430932,24955.430932,542.859732,True,5.428800000000024,25.5901437,ltr,EJAPHB+MS-PGothic,5.428800000000024
-,134.4,137.47065,537.048292,24955.048292,543.201092,True,6.15280000000007,3.0706500000000005,ltr,EJAPHB+MS-PGothic,6.152800000000013
-,164.34006576000002,167.41071576000002,537.048292,24955.048292,543.201092,True,6.15280000000007,3.0706500000000005,ltr,EJAPHB+MS-PGothic,6.152800000000013
-,198.66010668,201.73075668,537.048292,24955.048292,543.201092,True,6.15280000000007,3.0706500000000005,ltr,EJAPHB+MS-PGothic,6.152800000000013
-,222.53993760000003,225.61058760000003,537.048292,24955.048292,543.201092,True,6.15280000000007,3.0706500000000005,ltr,EJAPHB+MS-PGothic,6.152800000000013
-,246.36019791,249.43084791,537.048292,24955.048292,543.201092,True,6.15280000000007,3.0706500000000005,ltr,EJAPHB+MS-PGothic,6.152800000000013
-,275.64007392,278.71072392,537.048292,24955.048292,543.201092,True,6.15280000000007,3.0706500000000005,ltr,EJAPHB+MS-PGothic,6.152800000000013
"15,229",290.82013926,307.9899858,537.048292,24955.048292,543.201092,True,6.15280000000007,17.16984653999998,ltr,EJAPHB+MS-PGothic,6.152800000000013
"14,951",320.0392164,337.20906293999997,537.048292,24955.048292,543.201092,True,6.15280000000007,17.16984653999998,ltr,EJAPHB+MS-PGothic,6.152800000000013
102%,348.23822361,361.08889386,537.048292,24955.048292,543.201092,True,6.15280000000007,12.850670250000007,ltr,EJAPHB+MS-PGothic,6.152800000000013
静岡,45.12,55.9991844,546.8509320000001,24964.850932,552.279732,True,5.42879999999991,10.8791844,ltr,EJAPHB+MS-PGothic,5.428800000000024
あいちのかおり,62.1004365,96.8568187,546.8509320000001,24964.850932,552.279732,True,5.42879999999991,34.756382200000004,ltr,EJAPHB+MS-PGothic,5.428800000000024
-,134.4,137.47065,546.468192,24964.468192,552.620992,True,6.1527999999999565,3.0706500000000005,ltr,EJAPHB+MS-PGothic,6.152800000000013
-,164.34006576000002,167.41071576000002,546.468192,24964.468192,552.620992,True,6.1527999999999565,3.0706500000000005,ltr,EJAPHB+MS-PGothic,6.152800000000013
-,198.66010668,201.73075668,546.468192,24964.468192,552.620992,True,6.1527999999999565,3.0706500000000005,ltr,EJAPHB+MS-PGothic,6.152800000000013
-,222.53993760000003,225.61058760000003,546.468192,24964.468192,552.620992,True,6.1527999999999565,3.0706500000000005,ltr,EJAPHB+MS-PGothic,6.152800000000013
-,246.36019791,249.43084791,546.468192,24964.468192,552.620992,True,6.1527999999999565,3.0706500000000005,ltr,EJAPHB+MS-PGothic,6.152800000000013
-,275.64007392,278.71072392,546.468192,24964.468192,552.620992,True,6.1527999999999565,3.0706500000000005,ltr,EJAPHB+MS-PGothic,6.152800000000013
"15,325",290.82013926,307.9899858,546.468192,24964.468192,552.620992,True,6.1527999999999565,17.16984653999998,ltr,EJAPHB+MS-PGothic,6.152800000000013
"14,936",320.0392164,337.20906293999997,546.468192,24964.468192,552.620992,True,6.1527999999999565,17.16984653999998,ltr,EJAPHB+MS-PGothic,6.152800000000013
103%,348.23822361,361.08889386,546.468192,24964.468192,552.620992,True,6.1527999999999565,12.850670250000007,ltr,EJAPHB+MS-PGothic,6.152800000000013
新潟,45.12,55.9991844,556.2708319999999,24974.270832,561.6996320000001,True,5.4288000000001375,10.8791844,ltr,EJAPHB+MS-PGothic,5.428800000000024
コシヒカリ（一般）,62.1004365,99.8481067,556.2708319999999,24974.270832,561.6996320000001,True,5.4288000000001375,37.7476702,ltr,EJAPHB+MS-PGothic,5.428800000000024
"17,414",118.5,137.4704757,555.8882920000001,24973.888292,562.041092,True,6.1527999999999565,18.97047570000001,ltr,EJAPHB+MS-PGothic,6.152800000000013
"1,693",152.09966643,167.40992733,555.8882920000001,24973.888292,562.041092,True,6.1527999999999565,15.310260899999975,ltr,EJAPHB+MS-PGothic,6.152800000000013
"17,303",184.56012171,201.72996825,555.8882920000001,24973.888292,562.041092,True,6.1527999999999565,17.16984654000001,ltr,EJAPHB+MS-PGothic,6.152800000000013
101%,212.75912892,225.60979917,555.8882920000001,24973.888292,562.041092,True,6.1527999999999565,12.850670250000007,ltr,EJAPHB+MS-PGothic,6.152800000000013
102%,236.63895983999998,249.43005947999998,555.8882920000001,24973.888292,562.041092,True,6.1527999999999565,12.791099639999999,ltr,EJAPHB+MS-PGothic,6.152800000000013
"17,020",261.53947482,278.70932136,555.8882920000001,24973.888292,562.041092,True,6.1527999999999565,17.16984653999998,ltr,EJAPHB+MS-PGothic,6.152800000000013
"17,359",290.81873669999993,307.9885832399999,555.8882920000001,24973.888292,562.041092,True,6.1527999999999565,17.16984653999998,ltr,EJAPHB+MS-PGothic,6.152800000000013
"17,042",320.0378138399999,337.2076603799999,555.8882920000001,24973.888292,562.041092,True,6.1527999999999565,17.16984653999998,ltr,EJAPHB+MS-PGothic,6.152800000000013
102%,348.2368210499999,361.0874912999999,555.8882920000001,24973.888292,562.041092,True,6.1527999999999565,12.850670250000007,ltr,EJAPHB+MS-PGothic,6.152800000000013
"1,0",380.3969667599999,386.89300000000003,555.8882920000001,24973.888292,562.041092,True,6.1527999999999565,6.496033240000145,ltr,EJAPHB+MS-PGothic,6.152800000000013
新潟,45.12,55.9991844,565.690832,24983.690832,571.119632,True,5.428800000000024,10.8791844,ltr,EJAPHB+MS-PGothic,5.428800000000024
コシヒカリ（魚沼）,62.1004365,99.8481067,565.690832,24983.690832,571.119632,True,5.428800000000024,37.7476702,ltr,EJAPHB+MS-PGothic,5.428800000000024
"21,008",118.5,137.4704757,565.3082919999999,24983.308292,571.461092,True,6.15280000000007,18.97047570000001,ltr,EJAPHB+MS-PGothic,6.152800000000013
955,157.13983134,167.41054146,565.3082919999999,24983.308292,571.461092,True,6.15280000000007,10.27071011999999,ltr,EJAPHB+MS-PGothic,6.152800000000013
"21,370",184.56012171,201.72996825,565.3082919999999,24983.308292,571.461092,True,6.15280000000007,17.16984654000001,ltr,EJAPHB+MS-PGothic,6.152800000000013
98%,215.9992788,225.60979917,565.3082919999999,24983.308292,571.461092,True,6.15280000000007,9.610520369999989,ltr,EJAPHB+MS-PGothic,6.152800000000013
97%,239.87910972,249.43005947999998,565.3082919999999,24983.308292,571.461092,True,6.15280000000007,9.55094975999998,ltr,EJAPHB+MS-PGothic,6.152800000000013
"21,735",261.53947482,278.70932136,565.3082919999999,24983.308292,571.461092,True,6.15280000000007,17.16984653999998,ltr,EJAPHB+MS-PGothic,6.152800000000013
"20,962",290.8187367,307.98858323999997,565.3082919999999,24983.308292,571.461092,True,6.15280000000007,17.16984653999998,ltr,EJAPHB+MS-PGothic,6.152800000000013
"21,147",320.03781383999996,337.20766037999994,565.3082919999999,24983.308292,571.461092,True,6.15280000000007,17.16984653999998,ltr,EJAPHB+MS-PGothic,6.152800000000013
99%,351.47697092999994,361.0874912999999,565.3082919999999,24983.308292,571.461092,True,6.15280000000007,9.61052036999996,ltr,EJAPHB+MS-PGothic,6.152800000000013
6,384.71675717999995,386.89300000000003,565.3082919999999,24983.308292,571.461092,True,6.15280000000007,2.176242820000084,ltr,EJAPHB+MS-PGothic,6.152800000000013
新潟,45.12,55.9991844,575.110932,24993.110932,580.539732,True,5.42879999999991,10.8791844,ltr,EJAPHB+MS-PGothic,5.428800000000024
コシヒカリ（佐渡）,62.1004365,99.8481067,575.110932,24993.110932,580.539732,True,5.42879999999991,37.7476702,ltr,EJAPHB+MS-PGothic,5.428800000000024
-,134.4,137.47065,574.728292,24992.728292,580.8810920000001,True,6.15280000000007,3.0706500000000005,ltr,EJAPHB+MS-PGothic,6.152800000000013
-,164.34006576000002,167.41071576000002,574.728292,24992.728292,580.8810920000001,True,6.15280000000007,3.0706500000000005,ltr,EJAPHB+MS-PGothic,6.152800000000013
-,198.66010668,201.73075668,574.728292,24992.728292,580.8810920000001,True,6.15280000000007,3.0706500000000005,ltr,EJAPHB+MS-PGothic,6.152800000000013
-,222.53993760000003,225.61058760000003,574.728292,24992.728292,580.8810920000001,True,6.15280000000007,3.0706500000000005,ltr,EJAPHB+MS-PGothic,6.152800000000013
-,246.36019791,249.43084791,574.728292,24992.728292,580.8810920000001,True,6.15280000000007,3.0706500000000005,ltr,EJAPHB+MS-PGothic,6.152800000000013
-,275.64007392,278.71072392,574.728292,24992.728292,580.8810920000001,True,6.15280000000007,3.0706500000000005,ltr,EJAPHB+MS-PGothic,6.152800000000013
"17,999",290.82013926,307.9899858,574.728292,24992.728292,580.8810920000001,True,6.15280000000007,17.16984653999998,ltr,EJAPHB+MS-PGothic,6.152800000000013
"17,520",320.0392164,337.20906293999997,574.728292,24992.728292,580.8810920000001,True,6.15280000000007,17.16984653999998,ltr,EJAPHB+MS-PGothic,6.152800000000013
103%,348.23822361,361.08889386,574.728292,24992.728292,580.8810920000001,True,6.15280000000007,12.850670250000007,ltr,EJAPHB+MS-PGothic,6.152800000000013
新潟,45.12,55.9991844,584.470832,25002.470832,589.899632,True,5.428800000000024,10.8791844,ltr,EJAPHB+MS-PGothic,5.428800000000024
コシヒカリ（岩船）,62.1004365,99.8481067,584.470832,25002.470832,589.899632,True,5.428800000000024,37.7476702,ltr,EJAPHB+MS-PGothic,5.428800000000024
-,134.4,137.47065,584.088292,25002.088292,590.241092,True,6.1527999999999565,3.0706500000000005,ltr,EJAPHB+MS-PGothic,6.152799999999985
-,164.34006576000002,167.41071576000002,584.088292,25002.088292,590.241092,True,6.1527999999999565,3.0706500000000005,ltr,EJAPHB+MS-PGothic,6.152799999999985
-,198.66010668,201.73075668,584.088292,25002.088292,590.241092,True,6.1527999999999565,3.0706500000000005,ltr,EJAPHB+MS-PGothic,6.152799999999985
-,222.53993760000003,225.61058760000003,584.088292,25002.088292,590.241092,True,6.1527999999999565,3.0706500000000005,ltr,EJAPHB+MS-PGothic,6.152799999999985
-,246.36019791,249.43084791,584.088292,25002.088292,590.241092,True,6.1527999999999565,3.0706500000000005,ltr,EJAPHB+MS-PGothic,6.152799999999985
-,275.64007392,278.71072392,584.088292,25002.088292,590.241092,True,6.1527999999999565,3.0706500000000005,ltr,EJAPHB+MS-PGothic,6.152799999999985
"17,979",290.82013926,307.9899858,584.088292,25002.088292,590.241092,True,6.1527999999999565,17.16984653999998,ltr,EJAPHB+MS-PGothic,6.152799999999985
"17,460",320.0392164,337.20906293999997,584.088292,25002.088292,590.241092,True,6.1527999999999565,17.16984653999998,ltr,EJAPHB+MS-PGothic,6.152799999999985
103%,348.23822361,361.08889386,584.088292,25002.088292,590.241092,True,6.1527999999999565,12.850670250000007,ltr,EJAPHB+MS-PGothic,6.152799999999985
新潟,45.12,56.009480499999995,593.890932,25011.890932,599.3197319999999,True,5.42879999999991,10.889480499999998,ltr,EJAPHB+MS-PGothic,5.428799999999995
こしいぶき,62.1107326,85.45524269999999,593.890932,25011.890932,599.3197319999999,True,5.42879999999991,23.344510099999987,ltr,EJAPHB+MS-PGothic,5.428799999999995
"15,289",118.5,137.4704757,593.508292,25011.508292,599.661092,True,6.15280000000007,18.97047570000001,ltr,EJAPHB+MS-PGothic,6.152799999999985
644,157.13983134,167.41054146,593.508292,25011.508292,599.661092,True,6.15280000000007,10.27071011999999,ltr,EJAPHB+MS-PGothic,6.152799999999985
"14,557",184.56012171,201.72996825,593.508292,25011.508292,599.661092,True,6.15280000000007,17.16984654000001,ltr,EJAPHB+MS-PGothic,6.152799999999985
105%,212.75912892,225.60979917,593.508292,25011.508292,599.661092,True,6.15280000000007,12.850670250000007,ltr,EJAPHB+MS-PGothic,6.152799999999985
102%,236.63895983999998,249.43005947999998,593.508292,25011.508292,599.661092,True,6.15280000000007,12.791099639999999,ltr,EJAPHB+MS-PGothic,6.152799999999985
"15,020",261.53947482,278.70932136,593.508292,25011.508292,599.661092,True,6.15280000000007,17.16984653999998,ltr,EJAPHB+MS-PGothic,6.152799999999985
"15,147",290.81873669999993,307.9885832399999,593.508292,25011.508292,599.661092,True,6.15280000000007,17.16984653999998,ltr,EJAPHB+MS-PGothic,6.152799999999985
"15,100",320.0378138399999,337.2076603799999,593.508292,25011.508292,599.661092,True,6.15280000000007,17.16984653999998,ltr,EJAPHB+MS-PGothic,6.152799999999985
100%,348.2368210499999,361.0874912999999,593.508292,25011.508292,599.661092,True,6.15280000000007,12.850670250000007,ltr,EJAPHB+MS-PGothic,6.152799999999985
2,384.7167571799999,386.89300000000003,593.508292,25011.508292,599.661092,True,6.15280000000007,2.176242820000141,ltr,EJAPHB+MS-PGothic,6.152799999999985
富山,45.12,56.009480499999995,603.310932,25021.310932,608.739732,True,5.428800000000024,10.889480499999998,ltr,EJAPHB+MS-PGothic,5.428799999999995
コシヒカリ,62.1107326,83.4821848,603.310932,25021.310932,608.739732,True,5.428800000000024,21.3714522,ltr,EJAPHB+MS-PGothic,5.428799999999995
"15,818",118.5,137.4704757,602.928292,25020.928292,609.081092,True,6.1527999999999565,18.97047570000001,ltr,EJAPHB+MS-PGothic,6.152799999999985
629,157.13983134,167.41054146,602.928292,25020.928292,609.081092,True,6.1527999999999565,10.27071011999999,ltr,EJAPHB+MS-PGothic,6.152799999999985
"16,032",184.56012171,201.72996825,602.928292,25020.928292,609.081092,True,6.1527999999999565,17.16984654000001,ltr,EJAPHB+MS-PGothic,6.152799999999985
99%,215.9992788,225.60979917,602.928292,25020.928292,609.081092,True,6.1527999999999565,9.610520369999989,ltr,EJAPHB+MS-PGothic,6.152799999999985
101%,236.63895983999998,249.43005947999998,602.928292,25020.928292,609.081092,True,6.1527999999999565,12.791099639999999,ltr,EJAPHB+MS-PGothic,6.152799999999985
"15,737",261.53947482,278.70932136,602.928292,25020.928292,609.081092,True,6.1527999999999565,17.16984653999998,ltr,EJAPHB+MS-PGothic,6.152799999999985
"15,998",290.8187367,307.98858323999997,602.928292,25020.928292,609.081092,True,6.1527999999999565,17.16984653999998,ltr,EJAPHB+MS-PGothic,6.152799999999985
"15,936",320.03781383999996,337.20766037999994,602.928292,25020.928292,609.081092,True,6.1527999999999565,17.16984653999998,ltr,EJAPHB+MS-PGothic,6.152799999999985
100%,348.2368210499999,361.0874912999999,602.928292,25020.928292,609.081092,True,6.1527999999999565,12.850670250000007,ltr,EJAPHB+MS-PGothic,6.152799999999985
8,384.71675717999995,386.89300000000003,602.928292,25020.928292,609.081092,True,6.1527999999999565,2.176242820000084,ltr,EJAPHB+MS-PGothic,6.152799999999985
富山,45.12,56.000268199999994,612.7309319999999,25030.730932,618.159732,True,5.428800000000024,10.880268199999996,ltr,EJAPHB+MS-PGothic,5.428799999999995
てんたかく,62.10152029999999,85.93699179999997,612.7309319999999,25030.730932,618.159732,True,5.428800000000024,23.835471499999983,ltr,EJAPHB+MS-PGothic,5.428799999999995
"14,744",118.5,137.4704757,612.348292,25030.348292,618.501092,True,6.1527999999999565,18.97047570000001,ltr,EJAPHB+MS-PGothic,6.152799999999985
164,157.13983134,167.41054146,612.348292,25030.348292,618.501092,True,6.1527999999999565,10.27071011999999,ltr,EJAPHB+MS-PGothic,6.152799999999985
"14,766",184.56012171,201.72996825,612.348292,25030.348292,618.501092,True,6.1527999999999565,17.16984654000001,ltr,EJAPHB+MS-PGothic,6.152799999999985
100%,212.75912892,225.60979917,612.348292,25030.348292,618.501092,True,6.1527999999999565,12.850670250000007,ltr,EJAPHB+MS-PGothic,6.152799999999985
-,246.35940947999998,249.43005947999998,612.348292,25030.348292,618.501092,True,6.1527999999999565,3.0706500000000005,ltr,EJAPHB+MS-PGothic,6.152799999999985
-,275.63928549,278.70993549,612.348292,25030.348292,618.501092,True,6.1527999999999565,3.0706500000000005,ltr,EJAPHB+MS-PGothic,6.152799999999985
"14,870",290.81935082999996,307.98919736999994,612.348292,25030.348292,618.501092,True,6.1527999999999565,17.16984653999998,ltr,EJAPHB+MS-PGothic,6.152799999999985
"14,750",320.03842796999993,337.2082745099999,612.348292,25030.348292,618.501092,True,6.1527999999999565,17.16984653999998,ltr,EJAPHB+MS-PGothic,6.152799999999985
101%,348.2374351799999,361.0881054299999,612.348292,25030.348292,618.501092,True,6.1527999999999565,12.850670250000007,ltr,EJAPHB+MS-PGothic,6.152799999999985
2,384.7173713099999,386.89300000000003,612.348292,25030.348292,618.501092,True,6.1527999999999565,2.17562869000011,ltr,EJAPHB+MS-PGothic,6.152799999999985
石川,45.12,56.009480499999995,622.150932,25040.150932,627.579732,True,5.428800000000024,10.889480499999998,ltr,EJAPHB+MS-PGothic,5.428799999999995
コシヒカリ,62.1107326,83.4821848,622.150932,25040.150932,627.579732,True,5.428800000000024,21.3714522,ltr,EJAPHB+MS-PGothic,5.428799999999995
-,134.4,137.47065,621.768292,25039.768292,627.921092,True,6.15280000000007,3.0706500000000005,ltr,EJAPHB+MS-PGothic,6.152799999999985
-,164.34006576000002,167.41071576000002,621.768292,25039.768292,627.921092,True,6.15280000000007,3.0706500000000005,ltr,EJAPHB+MS-PGothic,6.152799999999985
"14,450",184.56029601,201.73014255,621.768292,25039.768292,627.921092,True,6.15280000000007,17.16984654000001,ltr,EJAPHB+MS-PGothic,6.152799999999985
-,222.53932347,225.60997347,621.768292,25039.768292,627.921092,True,6.15280000000007,3.0706500000000005,ltr,EJAPHB+MS-PGothic,6.152799999999985
-,246.35958378,249.43023378,621.768292,25039.768292,627.921092,True,6.15280000000007,3.0706500000000005,ltr,EJAPHB+MS-PGothic,6.152799999999985
"15,964",261.53964912000004,278.70949566,621.768292,25039.768292,627.921092,True,6.15280000000007,17.16984653999998,ltr,EJAPHB+MS-PGothic,6.152799999999985
"15,892",290.818911,307.98875754,621.768292,25039.768292,627.921092,True,6.15280000000007,17.16984653999998,ltr,EJAPHB+MS-PGothic,6.152799999999985
"15,889",320.03798814,337.20783467999996,621.768292,25039.768292,627.921092,True,6.15280000000007,17.16984653999998,ltr,EJAPHB+MS-PGothic,6.152799999999985
100%,348.2369953499999,361.0876655999999,621.768292,25039.768292,627.921092,True,6.15280000000007,12.850670250000007,ltr,EJAPHB+MS-PGothic,6.152799999999985
4,384.71693147999997,386.89300000000003,621.768292,25039.768292,627.921092,True,6.15280000000007,2.176068520000058,ltr,EJAPHB+MS-PGothic,6.152799999999985
石川,45.12,55.9991844,631.570932,25049.570932,636.999732,True,5.428800000000024,10.8791844,ltr,EJAPHB+MS-PGothic,5.428799999999995
ゆめみづほ,62.1004365,87.79462499999998,631.570932,25049.570932,636.999732,True,5.428800000000024,25.69418849999998,ltr,EJAPHB+MS-PGothic,5.428799999999995
-,134.4,137.47065,631.188292,25049.188292,637.341092,True,6.1527999999999565,3.0706500000000005,ltr,EJAPHB+MS-PGothic,6.152799999999985
-,164.34006576000002,167.41071576000002,631.188292,25049.188292,637.341092,True,6.1527999999999565,3.0706500000000005,ltr,EJAPHB+MS-PGothic,6.152799999999985
-,198.66010668,201.73075668,631.188292,25049.188292,637.341092,True,6.1527999999999565,3.0706500000000005,ltr,EJAPHB+MS-PGothic,6.152799999999985
-,222.53993760000003,225.61058760000003,631.188292,25049.188292,637.341092,True,6.1527999999999565,3.0706500000000005,ltr,EJAPHB+MS-PGothic,6.152799999999985
-,246.36019791,249.43084791,631.188292,25049.188292,637.341092,True,6.1527999999999565,3.0706500000000005,ltr,EJAPHB+MS-PGothic,6.152799999999985
-,275.64007392,278.71072392,631.188292,25049.188292,637.341092,True,6.1527999999999565,3.0706500000000005,ltr,EJAPHB+MS-PGothic,6.152799999999985
"14,700",290.82013926,307.9899858,631.188292,25049.188292,637.341092,True,6.1527999999999565,17.16984653999998,ltr,EJAPHB+MS-PGothic,6.152799999999985
"14,634",320.0392164,337.20906293999997,631.188292,25049.188292,637.341092,True,6.1527999999999565,17.16984653999998,ltr,EJAPHB+MS-PGothic,6.152799999999985
100%,348.23822361,361.08889386,631.188292,25049.188292,637.341092,True,6.1527999999999565,12.850670250000007,ltr,EJAPHB+MS-PGothic,6.152799999999985
福井,45.12,56.009480499999995,640.930932,25058.930932,646.359732,True,5.428800000000024,10.889480499999998,ltr,EJAPHB+MS-PGothic,5.428799999999995
コシヒカリ,62.1107326,83.4821848,640.930932,25058.930932,646.359732,True,5.428800000000024,21.3714522,ltr,EJAPHB+MS-PGothic,5.428799999999995
"16,353",118.5,137.4704757,640.548292,25058.548292,646.701092,True,6.15280000000007,18.97047570000001,ltr,EJAPHB+MS-PGothic,6.152799999999985
849,157.13983134,167.41054146,640.548292,25058.548292,646.701092,True,6.15280000000007,10.27071011999999,ltr,EJAPHB+MS-PGothic,6.152799999999985
"16,440",184.56012171,201.72996825,640.548292,25058.548292,646.701092,True,6.15280000000007,17.16984654000001,ltr,EJAPHB+MS-PGothic,6.152799999999985
99%,215.9992788,225.60979917,640.548292,25058.548292,646.701092,True,6.15280000000007,9.610520369999989,ltr,EJAPHB+MS-PGothic,6.152799999999985
100%,236.63895983999998,249.43005947999998,640.548292,25058.548292,646.701092,True,6.15280000000007,12.791099639999999,ltr,EJAPHB+MS-PGothic,6.152799999999985
"16,340",261.53947482,278.70932136,640.548292,25058.548292,646.701092,True,6.15280000000007,17.16984653999998,ltr,EJAPHB+MS-PGothic,6.152799999999985
"16,365",290.8187367,307.98858323999997,640.548292,25058.548292,646.701092,True,6.15280000000007,17.16984653999998,ltr,EJAPHB+MS-PGothic,6.152799999999985
"16,145",320.03781383999996,337.20766037999994,640.548292,25058.548292,646.701092,True,6.15280000000007,17.16984653999998,ltr,EJAPHB+MS-PGothic,6.152799999999985
101%,348.2368210499999,361.0874912999999,640.548292,25058.548292,646.701092,True,6.15280000000007,12.850670250000007,ltr,EJAPHB+MS-PGothic,6.152799999999985
6,384.71675717999995,386.89300000000003,640.548292,25058.548292,646.701092,True,6.15280000000007,2.176242820000084,ltr,EJAPHB+MS-PGothic,6.152799999999985
福井,45.12,55.9991844,650.3509320000001,25068.350932,655.779732,True,5.42879999999991,10.8791844,ltr,EJAPHB+MS-PGothic,5.428799999999995
ハナエチゼン,62.1004365,91.73477989999999,650.3509320000001,25068.350932,655.779732,True,5.42879999999991,29.63434339999999,ltr,EJAPHB+MS-PGothic,5.428799999999995
"15,086",118.5,137.4704757,649.968292,25067.968292,656.121092,True,6.1527999999999565,18.97047570000001,ltr,EJAPHB+MS-PGothic,6.152799999999985
244,157.13983134,167.41054146,649.968292,25067.968292,656.121092,True,6.1527999999999565,10.27071011999999,ltr,EJAPHB+MS-PGothic,6.152799999999985
"15,210",184.56012171,201.72996825,649.968292,25067.968292,656.121092,True,6.1527999999999565,17.16984654000001,ltr,EJAPHB+MS-PGothic,6.152799999999985
99%,215.9992788,225.60979917,649.968292,25067.968292,656.121092,True,6.1527999999999565,9.610520369999989,ltr,EJAPHB+MS-PGothic,6.152799999999985
100%,236.63895983999998,249.43005947999998,649.968292,25067.968292,656.121092,True,6.1527999999999565,12.791099639999999,ltr,EJAPHB+MS-PGothic,6.152799999999985
"15,062",261.53947482,278.70932136,649.968292,25067.968292,656.121092,True,6.1527999999999565,17.16984653999998,ltr,EJAPHB+MS-PGothic,6.152799999999985
"15,079",290.8187367,307.98858323999997,649.968292,25067.968292,656.121092,True,6.1527999999999565,17.16984653999998,ltr,EJAPHB+MS-PGothic,6.152799999999985
"14,924",320.03781383999996,337.20766037999994,649.968292,25067.968292,656.121092,True,6.1527999999999565,17.16984653999998,ltr,EJAPHB+MS-PGothic,6.152799999999985
101%,348.2368210499999,361.0874912999999,649.968292,25067.968292,656.121092,True,6.1527999999999565,12.850670250000007,ltr,EJAPHB+MS-PGothic,6.152799999999985
5,384.71675717999995,386.89300000000003,649.968292,25067.968292,656.121092,True,6.1527999999999565,2.176242820000084,ltr,EJAPHB+MS-PGothic,6.152799999999985
福井,45.12,55.9991844,659.770932,25077.770932,665.199732,True,5.428800000000024,10.8791844,ltr,EJAPHB+MS-PGothic,5.428799999999995
あきさかり,62.1004365,85.2840023,659.770932,25077.770932,665.199732,True,5.428800000000024,23.183565799999997,ltr,EJAPHB+MS-PGothic,5.428799999999995
"15,377",118.5,137.4704757,659.388292,25077.388292,665.5410919999999,True,6.1527999999999565,18.97047570000001,ltr,EJAPHB+MS-PGothic,6.152799999999985
917,157.13983134,167.41054146,659.388292,25077.388292,665.5410919999999,True,6.1527999999999565,10.27071011999999,ltr,EJAPHB+MS-PGothic,6.152799999999985
"15,347",184.56012171,201.72996825,659.388292,25077.388292,665.5410919999999,True,6.1527999999999565,17.16984654000001,ltr,EJAPHB+MS-PGothic,6.152799999999985
100%,212.75912892,225.60979917,659.388292,25077.388292,665.5410919999999,True,6.1527999999999565,12.850670250000007,ltr,EJAPHB+MS-PGothic,6.152799999999985
-,246.35940947999998,249.43005947999998,659.388292,25077.388292,665.5410919999999,True,6.1527999999999565,3.0706500000000005,ltr,EJAPHB+MS-PGothic,6.152799999999985
-,275.63928549,278.70993549,659.388292,25077.388292,665.5410919999999,True,6.1527999999999565,3.0706500000000005,ltr,EJAPHB+MS-PGothic,6.152799999999985
"15,198",290.81935082999996,307.98919736999994,659.388292,25077.388292,665.5410919999999,True,6.1527999999999565,17.16984653999998,ltr,EJAPHB+MS-PGothic,6.152799999999985
-,334.13885276999997,337.20950277,659.388292,25077.388292,665.5410919999999,True,6.1527999999999565,3.0706500000000005,ltr,EJAPHB+MS-PGothic,6.152799999999985
-,358.01868369,361.08933369,659.388292,25077.388292,665.5410919999999,True,6.1527999999999565,3.0706500000000005,ltr,EJAPHB+MS-PGothic,6.152799999999985
6,384.7185995699999,386.89300000000003,659.388292,25077.388292,665.5410919999999,True,6.1527999999999565,2.174400430000105,ltr,EJAPHB+MS-PGothic,6.152799999999985
岐阜,45.12,55.9991844,669.190932,25087.190932,674.619732,True,5.428800000000024,10.8791844,ltr,EJAPHB+MS-PGothic,5.428799999999995
ハツシモ,62.1004365,81.7833283,669.190932,25087.190932,674.619732,True,5.428800000000024,19.682891799999993,ltr,EJAPHB+MS-PGothic,5.428799999999995
"15,663",118.5,137.4704757,668.808292,25086.808292,674.961092,True,6.1527999999999565,18.97047570000001,ltr,EJAPHB+MS-PGothic,6.152799999999985
138,157.13983134,167.41054146,668.808292,25086.808292,674.961092,True,6.1527999999999565,10.27071011999999,ltr,EJAPHB+MS-PGothic,6.152799999999985
-,198.65993238,201.73058238,668.808292,25086.808292,674.961092,True,6.1527999999999565,3.0706500000000005,ltr,EJAPHB+MS-PGothic,6.152799999999985
-,222.5397633,225.6104133,668.808292,25086.808292,674.961092,True,6.1527999999999565,3.0706500000000005,ltr,EJAPHB+MS-PGothic,6.152799999999985
-,246.36002360999998,249.43067360999999,668.808292,25086.808292,674.961092,True,6.1527999999999565,3.0706500000000005,ltr,EJAPHB+MS-PGothic,6.152799999999985
-,275.63989962,278.71054962,668.808292,25086.808292,674.961092,True,6.1527999999999565,3.0706500000000005,ltr,EJAPHB+MS-PGothic,6.152799999999985
"15,280",290.81996496,307.9898115,668.808292,25086.808292,674.961092,True,6.1527999999999565,17.16984653999998,ltr,EJAPHB+MS-PGothic,6.152799999999985
"15,357",320.03904209999996,337.20888863999994,668.808292,25086.808292,674.961092,True,6.1527999999999565,17.16984653999998,ltr,EJAPHB+MS-PGothic,6.152799999999985
99%,351.47819918999994,361.08871955999996,668.808292,25086.808292,674.961092,True,6.1527999999999565,9.610520370000017,ltr,EJAPHB+MS-PGothic,6.152799999999985
岐阜,45.12,56.009480499999995,678.610932,25096.610932,684.039732,True,5.42879999999991,10.889480499999998,ltr,EJAPHB+MS-PGothic,5.428799999999995
コシヒカリ,62.1107326,83.4821848,678.610932,25096.610932,684.039732,True,5.42879999999991,21.3714522,ltr,EJAPHB+MS-PGothic,5.428799999999995
"16,507",118.5,137.4704757,678.228292,25096.228292,684.381092,True,6.1527999999999565,18.97047570000001,ltr,EJAPHB+MS-PGothic,6.152799999999985
120,157.13983134,167.41054146,678.228292,25096.228292,684.381092,True,6.1527999999999565,10.27071011999999,ltr,EJAPHB+MS-PGothic,6.152799999999985
-,198.65993238,201.73058238,678.228292,25096.228292,684.381092,True,6.1527999999999565,3.0706500000000005,ltr,EJAPHB+MS-PGothic,6.152799999999985
-,222.5397633,225.6104133,678.228292,25096.228292,684.381092,True,6.1527999999999565,3.0706500000000005,ltr,EJAPHB+MS-PGothic,6.152799999999985
104%,236.63957397,249.43067360999999,678.228292,25096.228292,684.381092,True,6.1527999999999565,12.791099639999999,ltr,EJAPHB+MS-PGothic,6.152799999999985
"15,929",261.54008895,278.70993548999996,678.228292,25096.228292,684.381092,True,6.1527999999999565,17.16984653999998,ltr,EJAPHB+MS-PGothic,6.152799999999985
"16,169",290.81935082999996,307.98919736999994,678.228292,25096.228292,684.381092,True,6.1527999999999565,17.16984653999998,ltr,EJAPHB+MS-PGothic,6.152799999999985
"15,933",320.03842796999993,337.2082745099999,678.228292,25096.228292,684.381092,True,6.1527999999999565,17.16984653999998,ltr,EJAPHB+MS-PGothic,6.152799999999985
101%,348.2374351799999,361.0881054299999,678.228292,25096.228292,684.381092,True,6.1527999999999565,12.850670250000007,ltr,EJAPHB+MS-PGothic,6.152799999999985
岐阜,45.12,55.9991844,688.030832,25106.030832,693.459632,True,5.428800000000024,10.8791844,ltr,EJAPHB+MS-PGothic,5.428799999999995
あさひの夢,62.1004365,87.01916609999999,688.030832,25106.030832,693.459632,True,5.428800000000024,24.918729599999992,ltr,EJAPHB+MS-PGothic,5.428799999999995
-,134.4,137.47065,687.648292,25105.648292,693.8010919999999,True,6.1527999999999565,3.0706500000000005,ltr,EJAPHB+MS-PGothic,6.152799999999985
-,164.34006576000002,167.41071576000002,687.648292,25105.648292,693.8010919999999,True,6.1527999999999565,3.0706500000000005,ltr,EJAPHB+MS-PGothic,6.152799999999985
-,198.66010668,201.73075668,687.648292,25105.648292,693.8010919999999,True,6.1527999999999565,3.0706500000000005,ltr,EJAPHB+MS-PGothic,6.152799999999985
-,222.53993760000003,225.61058760000003,687.648292,25105.648292,693.8010919999999,True,6.1527999999999565,3.0706500000000005,ltr,EJAPHB+MS-PGothic,6.152799999999985
-,246.36019791,249.43084791,687.648292,25105.648292,693.8010919999999,True,6.1527999999999565,3.0706500000000005,ltr,EJAPHB+MS-PGothic,6.152799999999985
-,275.64007392,278.71072392,687.648292,25105.648292,693.8010919999999,True,6.1527999999999565,3.0706500000000005,ltr,EJAPHB+MS-PGothic,6.152799999999985
"14,692",290.82013926,307.9899858,687.648292,25105.648292,693.8010919999999,True,6.1527999999999565,17.16984653999998,ltr,EJAPHB+MS-PGothic,6.152799999999985
-,334.13964119999997,337.2102912,687.648292,25105.648292,693.8010919999999,True,6.1527999999999565,3.0706500000000005,ltr,EJAPHB+MS-PGothic,6.152799999999985
-,358.01947212,361.09012212,687.648292,25105.648292,693.8010919999999,True,6.1527999999999565,3.0706500000000005,ltr,EJAPHB+MS-PGothic,6.152799999999985
愛知,45.12,55.9991844,697.390932,25115.390932,702.8197319999999,True,5.42879999999991,10.8791844,ltr,EJAPHB+MS-PGothic,5.428799999999995
あいちのかおり,62.1004365,96.8568187,697.390932,25115.390932,702.8197319999999,True,5.42879999999991,34.756382200000004,ltr,EJAPHB+MS-PGothic,5.428799999999995
-,134.4,137.47065,697.008292,25115.008292,703.161092,True,6.15280000000007,3.0706500000000005,ltr,EJAPHB+MS-PGothic,6.152799999999985
-,164.34006576000002,167.41071576000002,697.008292,25115.008292,703.161092,True,6.15280000000007,3.0706500000000005,ltr,EJAPHB+MS-PGothic,6.152799999999985
-,198.66010668,201.73075668,697.008292,25115.008292,703.161092,True,6.15280000000007,3.0706500000000005,ltr,EJAPHB+MS-PGothic,6.152799999999985
-,222.53993760000003,225.61058760000003,697.008292,25115.008292,703.161092,True,6.15280000000007,3.0706500000000005,ltr,EJAPHB+MS-PGothic,6.152799999999985
-,246.36019791,249.43084791,697.008292,25115.008292,703.161092,True,6.15280000000007,3.0706500000000005,ltr,EJAPHB+MS-PGothic,6.152799999999985
"14,076",261.54026325,278.71010979,697.008292,25115.008292,703.161092,True,6.15280000000007,17.16984653999998,ltr,EJAPHB+MS-PGothic,6.152799999999985
"14,789",290.81952513,307.98937166999997,697.008292,25115.008292,703.161092,True,6.15280000000007,17.16984653999998,ltr,EJAPHB+MS-PGothic,6.152799999999985
"14,806",320.03860226999996,337.20844880999994,697.008292,25115.008292,703.161092,True,6.15280000000007,17.16984653999998,ltr,EJAPHB+MS-PGothic,6.152799999999985
100%,348.23760947999995,361.08827972999995,697.008292,25115.008292,703.161092,True,6.15280000000007,12.850670250000007,ltr,EJAPHB+MS-PGothic,6.152799999999985
愛知,45.12,56.009480499999995,706.810832,25124.810832,712.239632,True,5.428800000000024,10.889480499999998,ltr,EJAPHB+MS-PGothic,5.428799999999995
コシヒカリ,62.1107326,83.4821848,706.810832,25124.810832,712.239632,True,5.428800000000024,21.3714522,ltr,EJAPHB+MS-PGothic,5.428799999999995
-,134.4,137.47065,706.428292,25124.428292,712.581092,True,6.1527999999999565,3.0706500000000005,ltr,EJAPHB+MS-PGothic,6.152799999999985
-,164.34006576000002,167.41071576000002,706.428292,25124.428292,712.581092,True,6.1527999999999565,3.0706500000000005,ltr,EJAPHB+MS-PGothic,6.152799999999985
-,198.66010668,201.73075668,706.428292,25124.428292,712.581092,True,6.1527999999999565,3.0706500000000005,ltr,EJAPHB+MS-PGothic,6.152799999999985
-,222.53993760000003,225.61058760000003,706.428292,25124.428292,712.581092,True,6.1527999999999565,3.0706500000000005,ltr,EJAPHB+MS-PGothic,6.152799999999985
-,246.36019791,249.43084791,706.428292,25124.428292,712.581092,True,6.1527999999999565,3.0706500000000005,ltr,EJAPHB+MS-PGothic,6.152799999999985
-,275.64007392,278.71072392,706.428292,25124.428292,712.581092,True,6.1527999999999565,3.0706500000000005,ltr,EJAPHB+MS-PGothic,6.152799999999985
"15,542",290.82013926,307.9899858,706.428292,25124.428292,712.581092,True,6.1527999999999565,17.16984653999998,ltr,EJAPHB+MS-PGothic,6.152799999999985
"15,410",320.0392164,337.20906293999997,706.428292,25124.428292,712.581092,True,6.1527999999999565,17.16984653999998,ltr,EJAPHB+MS-PGothic,6.152799999999985
101%,348.23822361,361.08889386,706.428292,25124.428292,712.581092,True,6.1527999999999565,12.850670250000007,ltr,EJAPHB+MS-PGothic,6.152799999999985
愛知,45.12,55.9991844,716.2309319999999,25134.230932,721.659732,True,5.428800000000024,10.8791844,ltr,EJAPHB+MS-PGothic,5.428799999999995
大地の風,62.1004365,83.77968789999998,716.2309319999999,25134.230932,721.659732,True,5.428800000000024,21.679251399999984,ltr,EJAPHB+MS-PGothic,5.428799999999995
-,134.4,137.47065,715.848192,25133.848192,722.000992,True,6.1527999999999565,3.0706500000000005,ltr,EJAPHB+MS-PGothic,6.152799999999999
-,164.34006576000002,167.41071576000002,715.848192,25133.848192,722.000992,True,6.1527999999999565,3.0706500000000005,ltr,EJAPHB+MS-PGothic,6.152799999999999
-,198.66010668,201.73075668,715.848192,25133.848192,722.000992,True,6.1527999999999565,3.0706500000000005,ltr,EJAPHB+MS-PGothic,6.152799999999999
-,222.53993760000003,225.61058760000003,715.848192,25133.848192,722.000992,True,6.1527999999999565,3.0706500000000005,ltr,EJAPHB+MS-PGothic,6.152799999999999
-,246.36019791,249.43084791,715.848192,25133.848192,722.000992,True,6.1527999999999565,3.0706500000000005,ltr,EJAPHB+MS-PGothic,6.152799999999999
-,275.64007392,278.71072392,715.848192,25133.848192,722.000992,True,6.1527999999999565,3.0706500000000005,ltr,EJAPHB+MS-PGothic,6.152799999999999
"14,977",290.82013926,307.9899858,715.848192,25133.848192,722.000992,True,6.1527999999999565,17.16984653999998,ltr,EJAPHB+MS-PGothic,6.152799999999999
"14,970",320.0392164,337.20906293999997,715.848192,25133.848192,722.000992,True,6.1527999999999565,17.16984653999998,ltr,EJAPHB+MS-PGothic,6.152799999999999
100%,348.23822361,361.08889386,715.848192,25133.848192,722.000992,True,6.1527999999999565,12.850670250000007,ltr,EJAPHB+MS-PGothic,6.152799999999999
三重,45.12,55.9991844,725.650932,25143.650932,731.079732,True,5.428800000000024,10.8791844,ltr,EJAPHB+MS-PGothic,5.428799999999995
コシヒカリ（一般）,62.1004365,99.8481067,725.650932,25143.650932,731.079732,True,5.428800000000024,37.7476702,ltr,EJAPHB+MS-PGothic,5.428799999999995
-,134.4,137.47065,725.268292,25143.268292,731.421092,True,6.15280000000007,3.0706500000000005,ltr,EJAPHB+MS-PGothic,6.152799999999999
-,164.34006576000002,167.41071576000002,725.268292,25143.268292,731.421092,True,6.15280000000007,3.0706500000000005,ltr,EJAPHB+MS-PGothic,6.152799999999999
-,198.66010668,201.73075668,725.268292,25143.268292,731.421092,True,6.15280000000007,3.0706500000000005,ltr,EJAPHB+MS-PGothic,6.152799999999999
-,222.53993760000003,225.61058760000003,725.268292,25143.268292,731.421092,True,6.15280000000007,3.0706500000000005,ltr,EJAPHB+MS-PGothic,6.152799999999999
-,246.36019791,249.43084791,725.268292,25143.268292,731.421092,True,6.15280000000007,3.0706500000000005,ltr,EJAPHB+MS-PGothic,6.152799999999999
"15,341",261.54026325,278.71010979,725.268292,25143.268292,731.421092,True,6.15280000000007,17.16984653999998,ltr,EJAPHB+MS-PGothic,6.152799999999999
"15,553",290.81952513,307.98937166999997,725.268292,25143.268292,731.421092,True,6.15280000000007,17.16984653999998,ltr,EJAPHB+MS-PGothic,6.152799999999999
"15,390",320.03860226999996,337.20844880999994,725.268292,25143.268292,731.421092,True,6.15280000000007,17.16984653999998,ltr,EJAPHB+MS-PGothic,6.152799999999999
101%,348.23760947999995,361.08827972999995,725.268292,25143.268292,731.421092,True,6.15280000000007,12.850670250000007,ltr,EJAPHB+MS-PGothic,6.152799999999999
三重,45.12,55.9991844,735.070932,25153.070932,740.499732,True,5.428800000000024,10.8791844,ltr,EJAPHB+MS-PGothic,5.428799999999995
コシヒカリ（伊賀）,62.1004365,99.8481067,735.070932,25153.070932,740.499732,True,5.428800000000024,37.7476702,ltr,EJAPHB+MS-PGothic,5.428799999999995
-,134.4,137.47065,734.688292,25152.688292,740.841092,True,6.1527999999999565,3.0706500000000005,ltr,EJAPHB+MS-PGothic,6.152799999999999
-,164.34006576000002,167.41071576000002,734.688292,25152.688292,740.841092,True,6.1527999999999565,3.0706500000000005,ltr,EJAPHB+MS-PGothic,6.152799999999999
-,198.66010668,201.73075668,734.688292,25152.688292,740.841092,True,6.1527999999999565,3.0706500000000005,ltr,EJAPHB+MS-PGothic,6.152799999999999
-,222.53993760000003,225.61058760000003,734.688292,25152.688292,740.841092,True,6.1527999999999565,3.0706500000000005,ltr,EJAPHB+MS-PGothic,6.152799999999999
-,246.36019791,249.43084791,734.688292,25152.688292,740.841092,True,6.1527999999999565,3.0706500000000005,ltr,EJAPHB+MS-PGothic,6.152799999999999
-,275.64007392,278.71072392,734.688292,25152.688292,740.841092,True,6.1527999999999565,3.0706500000000005,ltr,EJAPHB+MS-PGothic,6.152799999999999
"15,947",290.82013926,307.9899858,734.688292,25152.688292,740.841092,True,6.1527999999999565,17.16984653999998,ltr,EJAPHB+MS-PGothic,6.152799999999999
"15,882",320.0392164,337.20906293999997,734.688292,25152.688292,740.841092,True,6.1527999999999565,17.16984653999998,ltr,EJAPHB+MS-PGothic,6.152799999999999
100%,348.23822361,361.08889386,734.688292,25152.688292,740.841092,True,6.1527999999999565,12.850670250000007,ltr,EJAPHB+MS-PGothic,6.152799999999999
三重,45.12,55.9991844,744.490932,25162.490932,749.919732,True,5.42879999999991,10.8791844,ltr,EJAPHB+MS-PGothic,5.428799999999995
キヌヒカリ,62.1004365,83.84309019999999,744.490932,25162.490932,749.919732,True,5.42879999999991,21.74265369999999,ltr,EJAPHB+MS-PGothic,5.428799999999995
-,134.4,137.47065,744.108292,25162.108292,750.261092,True,6.1527999999999565,3.0706500000000005,ltr,EJAPHB+MS-PGothic,6.152799999999999
-,164.34006576000002,167.41071576000002,744.108292,25162.108292,750.261092,True,6.1527999999999565,3.0706500000000005,ltr,EJAPHB+MS-PGothic,6.152799999999999
-,198.66010668,201.73075668,744.108292,25162.108292,750.261092,True,6.1527999999999565,3.0706500000000005,ltr,EJAPHB+MS-PGothic,6.152799999999999
-,222.53993760000003,225.61058760000003,744.108292,25162.108292,750.261092,True,6.1527999999999565,3.0706500000000005,ltr,EJAPHB+MS-PGothic,6.152799999999999
-,246.36019791,249.43084791,744.108292,25162.108292,750.261092,True,6.1527999999999565,3.0706500000000005,ltr,EJAPHB+MS-PGothic,6.152799999999999
"14,854",261.54026325,278.71010979,744.108292,25162.108292,750.261092,True,6.1527999999999565,17.16984653999998,ltr,EJAPHB+MS-PGothic,6.152799999999999
"14,947",290.81952513,307.98937166999997,744.108292,25162.108292,750.261092,True,6.1527999999999565,17.16984653999998,ltr,EJAPHB+MS-PGothic,6.152799999999999
"14,813",320.03860226999996,337.20844880999994,744.108292,25162.108292,750.261092,True,6.1527999999999565,17.16984653999998,ltr,EJAPHB+MS-PGothic,6.152799999999999
101%,348.23760947999995,361.08827972999995,744.108292,25162.108292,750.261092,True,6.1527999999999565,12.850670250000007,ltr,EJAPHB+MS-PGothic,6.152799999999999
注：本表の注意点は次頁の脚注を参照,40.8,117.37433235999997,752.373214,25170.373214,757.078314,True,4.705100000000016,76.57433235999997,ltr,EJAPHB+MS-PGothic,4.705100000000002
元年産米,126.78,150.98054136000002,121.19969800000001,24539.199698,126.99039800000003,True,5.790700000000015,24.200541360000017,ltr,EJAPHB+MS-PGothic,5.790700000000015
月別価格,215.2806422,238.40086417999999,119.03976690000002,24537.0397669,124.83046690000003,True,5.790700000000015,23.120221979999997,ltr,EJAPHB+MS-PGothic,5.790700000000015
年産平均価格,304.14139086,338.84166552,119.03976690000002,24537.0397669,124.83046690000003,True,5.790700000000015,34.70027465999999,ltr,EJAPHB+MS-PGothic,5.790700000000015
令和２年８月,122.81998498,155.66539346000002,128.45949859000007,24546.45949859,134.25019859000008,True,5.790700000000015,32.84540848000002,ltr,EJAPHB+MS-PGothic,5.790700000000015
元年産米,177.72,199.3992514,133.150932,24551.150932,138.57973200000004,True,5.428800000000024,21.6792514,ltr,EJAPHB+MS-PGothic,5.428800000000024
30年産米,254.34032480000002,276.3799397,133.150932,24551.150932,138.57973200000004,True,5.428800000000024,22.039614900000004,ltr,EJAPHB+MS-PGothic,5.428800000000024
元年産米,370.2614052,386.89300000000003,133.150932,24551.150932,138.57973200000004,True,5.428800000000024,16.631594800000016,ltr,EJAPHB+MS-PGothic,5.428800000000024
（2年7月),178.0798216,199.23343,139.69100735999996,24557.69100736,145.11980735999998,True,5.428800000000024,21.153608399999996,ltr,EJAPHB+MS-PGothic,5.428800000000024
(元年8月),253.98050320000002,276.57556560000006,139.69100735999996,24557.69100736,145.11980735999998,True,5.428800000000024,22.595062400000046,ltr,EJAPHB+MS-PGothic,5.428800000000024
（2年7月,370.6212268,386.89300000000003,139.69100735999996,24557.69100736,145.11980735999998,True,5.428800000000024,16.27177320000004,ltr,EJAPHB+MS-PGothic,5.428800000000024
