text,x0,x1,top,doctop,bottom,upright,height,width,direction,fontname,size
（２）,32.1,74.04,57.096900000000005,27843.0969,71.07690000000002,True,13.980000000000018,41.940000000000005,ltr,HEIDKD+HGMaruGothicMPRO,13.980000000000018
相対取引価格・数量,83.339496,209.159496,57.096900000000005,27843.0969,71.07690000000002,True,13.980000000000018,125.82,ltr,HEIDKD+HGMaruGothicMPRO,13.980000000000018
（令和元年産米、産地品種銘柄別,209.16,386.89300000000003,58.799699999999916,27844.7997,70.79969999999992,True,12.0,177.73300000000003,ltr,HEIDKD+HGMaruGothicMPRO,12.0
相対取引価格・数量（北海道から三重まで）,49.56,229.56,93.41970000000003,27879.4197,102.41970000000003,True,9.0,180.0,ltr,HEHMJM+MS-Gothic,9.0
価格,283.68,305.64000000000004,788.8569,28574.8569,799.8369,True,10.980000000000018,21.960000000000036,ltr,HEHOHC+MS-PGothic,10.979999999999997
2,305.64,311.20686,790.0647,28576.0647,801.0447,True,10.980000000000018,5.56686000000002,ltr,HEIDME+Calibri,10.979999999999997
産地,47.4,58.82625902,121.935292,27907.935292,127.63809200000003,True,5.702800000000025,11.426259020000003,ltr,HEHOHC+MS-PGothic,5.702800000000025
品種銘柄,76.0200474,98.90635060999999,121.935292,27907.935292,127.63809200000003,True,5.702800000000025,22.886303209999994,ltr,HEHOHC+MS-PGothic,5.702800000000025
元年産米,284.28,305.7884946,121.94188200000008,27907.941882,127.288182,True,5.346299999999928,21.508494600000006,ltr,HEHOHC+MS-PGothic,5.346299999999928
30年産米,312.96014016,334.76872832,121.94188200000008,27907.941882,127.288182,True,5.346299999999928,21.80858816,ltr,HEHOHC+MS-PGothic,5.346299999999928
価格,120.0,131.84656944,132.97529199999997,27918.975292,138.678092,True,5.702800000000025,11.846569439999996,ltr,HEHOHC+MS-PGothic,5.702800000000025
数量,149.76015373,161.54659702,132.97529199999997,27918.975292,138.678092,True,5.702800000000025,11.786443289999994,ltr,HEHOHC+MS-PGothic,5.702800000000025
対前月比,206.64,225.27273248,133.6548039999999,27919.654804,138.2884039999999,True,4.633600000000001,18.632732480000016,ltr,HEHOHC+MS-PGothic,4.633600000000001
対,232.74015548,237.39275548,130.77455823999992,27916.77455824,135.40815823999992,True,4.633600000000001,4.652600000000007,ltr,HEHOHC+MS-PGothic,4.633600000000001
同,232.74015548,237.39275548,136.47434959999987,27922.4743496,141.10794959999987,True,4.633600000000001,4.652600000000007,ltr,HEHOHC+MS-PGothic,4.633600000000001
前,237.42020582,242.07280582,130.77455823999992,27916.77455824,135.40815823999992,True,4.633600000000001,4.652600000000007,ltr,HEHOHC+MS-PGothic,4.633600000000001
月,237.42020582,242.07280582,136.47434959999987,27922.4743496,141.10794959999987,True,4.633600000000001,4.652600000000007,ltr,HEHOHC+MS-PGothic,4.633600000000001
年,242.04023762,246.69283762,130.77455823999992,27916.77455824,135.40815823999992,True,4.633600000000001,4.652600000000007,ltr,HEHOHC+MS-PGothic,4.633600000000001
比,242.04023762,246.69283762,136.47434959999987,27922.4743496,141.10794959999987,True,4.633600000000001,4.652600000000007,ltr,HEHOHC+MS-PGothic,4.633600000000001
出回り～,285.0,305.06815288,130.10188200000005,27916.101882,135.44818199999997,True,5.346299999999928,20.068152880000014,ltr,HEHOHC+MS-PGothic,5.346299999999928
出回り～,313.98023372,334.0483866,130.10188200000005,27916.101882,135.44818199999997,True,5.346299999999928,20.068152880000014,ltr,HEHOHC+MS-PGothic,5.346299999999928
2年3月,286.80002452,303.26866520000004,136.52171904,27922.52171904,141.86801903999992,True,5.346299999999928,16.46864068000002,ltr,HEHOHC+MS-PGothic,5.346299999999928
元年10月,312.96023772,334.76882588,136.52171904,27922.52171904,141.86801903999992,True,5.346299999999928,21.80858816,ltr,HEHOHC+MS-PGothic,5.346299999999928
対前年,343.38,357.33268214,130.7748039999999,27916.774804,135.4084039999999,True,4.633600000000001,13.952682139999979,ltr,HEHOHC+MS-PGothic,4.633600000000001
同月比,343.38,357.33268214,136.47459535999985,27922.47459536,141.10819535999985,True,4.633600000000001,13.952682139999979,ltr,HEHOHC+MS-PGothic,4.633600000000001
①,123.24,128.9663,144.37529200000006,27930.375292,150.07809200000008,True,5.702800000000025,5.726299999999995,ltr,HEHOHC+MS-PGothic,5.702800000000025
②,152.94002758,158.66632758,144.37529200000006,27930.375292,150.07809200000008,True,5.702800000000025,5.726300000000009,ltr,HEHOHC+MS-PGothic,5.702800000000025
③,186.95997588,192.68627588,144.37529200000006,27930.375292,150.07809200000008,True,5.702800000000025,5.726300000000009,ltr,HEHOHC+MS-PGothic,5.702800000000025
①/③,208.80008408,223.10609937,144.37529200000006,27930.375292,150.07809200000008,True,5.702800000000025,14.306015290000005,ltr,HEHOHC+MS-PGothic,5.702800000000025
①/④,232.37984222,246.74598366000004,144.37529200000006,27930.375292,150.07809200000008,True,5.702800000000025,14.366141440000035,ltr,HEHOHC+MS-PGothic,5.702800000000025
④,263.15984998,268.88614997999997,144.37529200000006,27930.375292,150.07809200000008,True,5.702800000000025,5.726299999999981,ltr,HEHOHC+MS-PGothic,5.702800000000025
⑦,292.20020780000004,297.9265078,144.37529200000006,27930.375292,150.07809200000008,True,5.702800000000025,5.726299999999981,ltr,HEHOHC+MS-PGothic,5.702800000000025
⑧,321.18043947,326.90673947,144.37529200000006,27930.375292,150.07809200000008,True,5.702800000000025,5.726299999999981,ltr,HEHOHC+MS-PGothic,5.702800000000025
⑦/⑧,343.02054767000004,357.32656296000005,144.37529200000006,27930.375292,150.07809200000008,True,5.702800000000025,14.306015290000005,ltr,HEHOHC+MS-PGothic,5.702800000000025
⑤,377.7001657300001,383.4264657300001,144.37529200000006,27930.375292,150.07809200000008,True,5.702800000000025,5.726299999999981,ltr,HEHOHC+MS-PGothic,5.702800000000025
北海道,45.24,61.348421040000005,153.32188200000007,27939.321882,158.668182,True,5.346299999999928,16.108421040000003,ltr,HEHOHC+MS-PGothic,5.346299999999928
ななつぼし,64.55979792,89.0676176,153.32188200000007,27939.321882,158.668182,True,5.346299999999928,24.50781968000001,ltr,HEHOHC+MS-PGothic,5.346299999999928
"15,941",120.36,139.18116335,152.94870200000003,27938.948702,159.00800200000003,True,6.0593000000000075,18.821163349999992,ltr,HEHOHC+MS-PGothic,6.0593000000000075
"39,757",150.11915833,168.88008909,152.94870200000003,27938.948702,159.00800200000003,True,6.0593000000000075,18.760930760000008,ltr,HEHOHC+MS-PGothic,6.0593000000000075
"15,890",185.8796729,202.90055106,152.94870200000003,27938.948702,159.00800200000003,True,6.0593000000000075,17.020878159999995,ltr,HEHOHC+MS-PGothic,6.0593000000000075
100%,213.77831345,226.48008901999998,152.94870200000003,27938.948702,159.00800200000003,True,6.0593000000000075,12.701775569999967,ltr,HEHOHC+MS-PGothic,6.0593000000000075
99%,240.65786725,250.11985957,152.94870200000003,27938.948702,159.00800200000003,True,6.0593000000000075,9.461992319999979,ltr,HEHOHC+MS-PGothic,6.0593000000000075
"16,131",262.1377823,279.09903628000006,152.94870200000003,27938.948702,159.00800200000003,True,6.0593000000000075,16.961253980000038,ltr,HEHOHC+MS-PGothic,6.0593000000000075
"15,883",291.11695901,308.07821299,152.94870200000003,27938.948702,159.00800200000003,True,6.0593000000000075,16.96125397999998,ltr,HEHOHC+MS-PGothic,6.0593000000000075
"15,996",320.09613572,337.11701387999994,152.94870200000003,27938.948702,159.00800200000003,True,6.0593000000000075,17.02087815999994,ltr,HEHOHC+MS-PGothic,6.0593000000000075
99%,351.23516793,360.69716024999997,152.94870200000003,27938.948702,159.00800200000003,True,6.0593000000000075,9.461992319999979,ltr,HEHOHC+MS-PGothic,6.0593000000000075
"8,7",379.85477432999994,386.89300000000003,152.94870200000003,27938.948702,159.00800200000003,True,6.0593000000000075,7.038225670000088,ltr,HEHOHC+MS-PGothic,6.0593000000000075
北海道,45.24,61.339831600000004,162.56188200000008,27948.561882,167.908182,True,5.346299999999928,16.0998316,ltr,HEHOHC+MS-PGothic,5.346299999999928
ゆめぴりか,64.55120848000001,88.88294464,162.56188200000008,27948.561882,167.908182,True,5.346299999999928,24.33173615999999,ltr,HEHOHC+MS-PGothic,5.346299999999928
"16,413",120.36,139.18116335,162.18870200000003,27948.188702,168.24800200000004,True,6.0593000000000075,18.821163349999992,ltr,HEHOHC+MS-PGothic,6.0593000000000075
"12,165",150.11915833,168.88008909,162.18870200000003,27948.188702,168.24800200000004,True,6.0593000000000075,18.760930760000008,ltr,HEHOHC+MS-PGothic,6.0593000000000075
"16,675",185.8796729,202.90055106,162.18870200000003,27948.188702,168.24800200000004,True,6.0593000000000075,17.020878159999995,ltr,HEHOHC+MS-PGothic,6.0593000000000075
98%,217.01870511,226.48069743,162.18870200000003,27948.188702,168.24800200000004,True,6.0593000000000075,9.461992319999979,ltr,HEHOHC+MS-PGothic,6.0593000000000075
103%,237.41869241,250.12046798,162.18870200000003,27948.188702,168.24800200000004,True,6.0593000000000075,12.701775569999995,ltr,HEHOHC+MS-PGothic,6.0593000000000075
"15,968",262.13839071,279.09964469000005,162.18870200000003,27948.188702,168.24800200000004,True,6.0593000000000075,16.961253980000038,ltr,HEHOHC+MS-PGothic,6.0593000000000075
"16,829",291.11756742,308.07882140000004,162.18870200000003,27948.188702,168.24800200000004,True,6.0593000000000075,16.961253980000038,ltr,HEHOHC+MS-PGothic,6.0593000000000075
"16,266",320.09674413,337.11762229,162.18870200000003,27948.188702,168.24800200000004,True,6.0593000000000075,17.020878159999995,ltr,HEHOHC+MS-PGothic,6.0593000000000075
104%,347.99538468,360.69716024999997,162.18870200000003,27948.188702,168.24800200000004,True,6.0593000000000075,12.701775569999995,ltr,HEHOHC+MS-PGothic,6.0593000000000075
"8,3",379.85477432999994,386.89300000000003,162.18870200000003,27948.188702,168.24800200000004,True,6.0593000000000075,7.038225670000088,ltr,HEHOHC+MS-PGothic,6.0593000000000075
北海道,45.24,61.348421040000005,171.86188200000004,27957.861882,177.20818199999997,True,5.346299999999928,16.108421040000003,ltr,HEHOHC+MS-PGothic,5.346299999999928
きらら３９７,64.55979792,88.64029296000001,171.86188200000004,27957.861882,177.20818199999997,True,5.346299999999928,24.080495040000017,ltr,HEHOHC+MS-PGothic,5.346299999999928
"15,343",120.36,139.18116335,171.488702,27957.488702,177.548002,True,6.0593000000000075,18.821163349999992,ltr,HEHOHC+MS-PGothic,6.0593000000000075
"6,952",153.65888771,168.88008908999998,171.488702,27957.488702,177.548002,True,6.0593000000000075,15.221201379999997,ltr,HEHOHC+MS-PGothic,6.0593000000000075
"15,394",185.8796729,202.90055106,171.488702,27957.488702,177.548002,True,6.0593000000000075,17.020878159999995,ltr,HEHOHC+MS-PGothic,6.0593000000000075
100%,213.77831345,226.48008901999998,171.488702,27957.488702,177.548002,True,6.0593000000000075,12.701775569999967,ltr,HEHOHC+MS-PGothic,6.0593000000000075
99%,240.65786725,250.11985957,171.488702,27957.488702,177.548002,True,6.0593000000000075,9.461992319999979,ltr,HEHOHC+MS-PGothic,6.0593000000000075
"15,526",262.1377823,279.09903628000006,171.488702,27957.488702,177.548002,True,6.0593000000000075,16.961253980000038,ltr,HEHOHC+MS-PGothic,6.0593000000000075
"15,447",291.11695901,308.07821299,171.488702,27957.488702,177.548002,True,6.0593000000000075,16.96125397999998,ltr,HEHOHC+MS-PGothic,6.0593000000000075
"15,527",320.09613572,337.11701387999994,171.488702,27957.488702,177.548002,True,6.0593000000000075,17.02087815999994,ltr,HEHOHC+MS-PGothic,6.0593000000000075
100%,347.99477627,360.69655184,171.488702,27957.488702,177.548002,True,6.0593000000000075,12.701775569999995,ltr,HEHOHC+MS-PGothic,6.0593000000000075
"2,9",379.8541659199999,386.89300000000003,171.488702,27957.488702,177.548002,True,6.0593000000000075,7.038834080000129,ltr,HEHOHC+MS-PGothic,6.0593000000000075
青森,47.76,58.46834748,181.10188200000005,27967.101882,186.44818199999997,True,5.346299999999928,10.70834748,ltr,HEHOHC+MS-PGothic,5.346299999999928
まっしぐら,64.55987096,85.6850618,181.10188200000005,27967.101882,186.44818199999997,True,5.346299999999928,21.125190840000002,ltr,HEHOHC+MS-PGothic,5.346299999999928
"15,022",120.36,139.18116335,180.728702,27966.728702,186.788002,True,6.0593000000000075,18.821163349999992,ltr,HEHOHC+MS-PGothic,6.0593000000000075
"14,454",150.11915833,168.88008909,180.728702,27966.728702,186.788002,True,6.0593000000000075,18.760930760000008,ltr,HEHOHC+MS-PGothic,6.0593000000000075
"15,036",185.8796729,202.90055106,180.728702,27966.728702,186.788002,True,6.0593000000000075,17.020878159999995,ltr,HEHOHC+MS-PGothic,6.0593000000000075
100%,213.77831345,226.48008901999998,180.728702,27966.728702,186.788002,True,6.0593000000000075,12.701775569999967,ltr,HEHOHC+MS-PGothic,6.0593000000000075
100%,237.41808400000002,250.11985957,180.728702,27966.728702,186.788002,True,6.0593000000000075,12.701775569999967,ltr,HEHOHC+MS-PGothic,6.0593000000000075
"15,000",262.1377823,279.09903628000006,180.728702,27966.728702,186.788002,True,6.0593000000000075,16.961253980000038,ltr,HEHOHC+MS-PGothic,6.0593000000000075
"14,811",291.11695901,308.07821299,180.728702,27966.728702,186.788002,True,6.0593000000000075,16.96125397999998,ltr,HEHOHC+MS-PGothic,6.0593000000000075
"14,758",320.09613572,337.11701388,180.728702,27966.728702,186.788002,True,6.0593000000000075,17.020878159999995,ltr,HEHOHC+MS-PGothic,6.0593000000000075
100%,347.99477627,360.69655184,180.728702,27966.728702,186.788002,True,6.0593000000000075,12.701775569999995,ltr,HEHOHC+MS-PGothic,6.0593000000000075
"17,4",376.61438266999994,386.89300000000003,180.728702,27966.728702,186.788002,True,6.0593000000000075,10.278617330000088,ltr,HEHOHC+MS-PGothic,6.0593000000000075
青森,47.76,58.4753264,190.34188200000006,27976.341882,195.68818199999998,True,5.346299999999928,10.715326400000002,ltr,HEHOHC+MS-PGothic,5.346299999999928
つがるロマン,64.56684988,93.84717716000003,190.34188200000006,27976.341882,195.68818199999998,True,5.346299999999928,29.280327280000023,ltr,HEHOHC+MS-PGothic,5.346299999999928
"15,021",120.36,139.18116335,189.968702,27975.968702,196.02800200000001,True,6.0593000000000075,18.821163349999992,ltr,HEHOHC+MS-PGothic,6.0593000000000075
"10,991",150.11915833,168.88008909,189.968702,27975.968702,196.02800200000001,True,6.0593000000000075,18.760930760000008,ltr,HEHOHC+MS-PGothic,6.0593000000000075
"15,083",185.8796729,202.90055106,189.968702,27975.968702,196.02800200000001,True,6.0593000000000075,17.020878159999995,ltr,HEHOHC+MS-PGothic,6.0593000000000075
100%,213.77831345,226.48008901999998,189.968702,27975.968702,196.02800200000001,True,6.0593000000000075,12.701775569999967,ltr,HEHOHC+MS-PGothic,6.0593000000000075
101%,237.41808400000002,250.11985957,189.968702,27975.968702,196.02800200000001,True,6.0593000000000075,12.701775569999967,ltr,HEHOHC+MS-PGothic,6.0593000000000075
"14,877",262.1377823,279.09903628000006,189.968702,27975.968702,196.02800200000001,True,6.0593000000000075,16.961253980000038,ltr,HEHOHC+MS-PGothic,6.0593000000000075
"15,046",291.11695901,308.07821299,189.968702,27975.968702,196.02800200000001,True,6.0593000000000075,16.96125397999998,ltr,HEHOHC+MS-PGothic,6.0593000000000075
"15,075",320.09613572,337.11701388,189.968702,27975.968702,196.02800200000001,True,6.0593000000000075,17.020878159999995,ltr,HEHOHC+MS-PGothic,6.0593000000000075
100%,347.99477627,360.69655184,189.968702,27975.968702,196.02800200000001,True,6.0593000000000075,12.701775569999995,ltr,HEHOHC+MS-PGothic,6.0593000000000075
"4,1",379.85416592,386.89300000000003,189.968702,27975.968702,196.02800200000001,True,6.0593000000000075,7.038834080000015,ltr,HEHOHC+MS-PGothic,6.0593000000000075
岩手,47.76,58.46834748,199.641882,27985.641882,204.98818199999994,True,5.346299999999928,10.70834748,ltr,HEHOHC+MS-PGothic,5.346299999999928
ひとめぼれ,64.55987096,89.24806887999999,199.641882,27985.641882,204.98818199999994,True,5.346299999999928,24.688197919999993,ltr,HEHOHC+MS-PGothic,5.346299999999928
"15,539",120.36,139.18116335,199.26870199999996,27985.268702,205.32800199999997,True,6.0593000000000075,18.821163349999992,ltr,HEHOHC+MS-PGothic,6.0593000000000075
"14,209",150.11915833,168.88008909,199.26870199999996,27985.268702,205.32800199999997,True,6.0593000000000075,18.760930760000008,ltr,HEHOHC+MS-PGothic,6.0593000000000075
"15,523",185.8796729,202.90055106,199.26870199999996,27985.268702,205.32800199999997,True,6.0593000000000075,17.020878159999995,ltr,HEHOHC+MS-PGothic,6.0593000000000075
100%,213.77831345,226.48008901999998,199.26870199999996,27985.268702,205.32800199999997,True,6.0593000000000075,12.701775569999967,ltr,HEHOHC+MS-PGothic,6.0593000000000075
101%,237.41808400000002,250.11985957,199.26870199999996,27985.268702,205.32800199999997,True,6.0593000000000075,12.701775569999967,ltr,HEHOHC+MS-PGothic,6.0593000000000075
"15,316",262.1377823,279.09903628000006,199.26870199999996,27985.268702,205.32800199999997,True,6.0593000000000075,16.961253980000038,ltr,HEHOHC+MS-PGothic,6.0593000000000075
"15,388",291.11695901,308.07821299,199.26870199999996,27985.268702,205.32800199999997,True,6.0593000000000075,16.96125397999998,ltr,HEHOHC+MS-PGothic,6.0593000000000075
"15,337",320.09613572,337.11701388,199.26870199999996,27985.268702,205.32800199999997,True,6.0593000000000075,17.020878159999995,ltr,HEHOHC+MS-PGothic,6.0593000000000075
100%,347.99477627,360.69655184,199.26870199999996,27985.268702,205.32800199999997,True,6.0593000000000075,12.701775569999995,ltr,HEHOHC+MS-PGothic,6.0593000000000075
"7,5",379.85416592,386.89300000000003,199.26870199999996,27985.268702,205.32800199999997,True,6.0593000000000075,7.038834080000015,ltr,HEHOHC+MS-PGothic,6.0593000000000075
岩手,47.76,58.46834748,208.88188200000002,27994.881882,214.22818199999995,True,5.346299999999928,10.70834748,ltr,HEHOHC+MS-PGothic,5.346299999999928
あきたこまち,64.55987096,92.83469692,208.88188200000002,27994.881882,214.22818199999995,True,5.346299999999928,28.27482596,ltr,HEHOHC+MS-PGothic,5.346299999999928
"15,317",120.36,139.18116335,208.50870199999997,27994.508702,214.56800199999998,True,6.0593000000000075,18.821163349999992,ltr,HEHOHC+MS-PGothic,6.0593000000000075
"1,664",153.65888771,168.88008908999998,208.50870199999997,27994.508702,214.56800199999998,True,6.0593000000000075,15.221201379999997,ltr,HEHOHC+MS-PGothic,6.0593000000000075
"15,270",185.8796729,202.90055106,208.50870199999997,27994.508702,214.56800199999998,True,6.0593000000000075,17.020878159999995,ltr,HEHOHC+MS-PGothic,6.0593000000000075
100%,213.77831345,226.48008901999998,208.50870199999997,27994.508702,214.56800199999998,True,6.0593000000000075,12.701775569999967,ltr,HEHOHC+MS-PGothic,6.0593000000000075
100%,237.41808400000002,250.11985957,208.50870199999997,27994.508702,214.56800199999998,True,6.0593000000000075,12.701775569999967,ltr,HEHOHC+MS-PGothic,6.0593000000000075
"15,382",262.1377823,279.09903628000006,208.50870199999997,27994.508702,214.56800199999998,True,6.0593000000000075,16.961253980000038,ltr,HEHOHC+MS-PGothic,6.0593000000000075
"15,250",291.11695901,308.07821299,208.50870199999997,27994.508702,214.56800199999998,True,6.0593000000000075,16.96125397999998,ltr,HEHOHC+MS-PGothic,6.0593000000000075
"15,255",320.09613572,337.11701388,208.50870199999997,27994.508702,214.56800199999998,True,6.0593000000000075,17.020878159999995,ltr,HEHOHC+MS-PGothic,6.0593000000000075
100%,347.99477627,360.69655184,208.50870199999997,27994.508702,214.56800199999998,True,6.0593000000000075,12.701775569999995,ltr,HEHOHC+MS-PGothic,6.0593000000000075
"1,6",379.85416592,386.89300000000003,208.50870199999997,27994.508702,214.56800199999998,True,6.0593000000000075,7.038834080000015,ltr,HEHOHC+MS-PGothic,6.0593000000000075
岩手,47.76,58.46834748,218.1818820000001,28004.181882,223.52818200000002,True,5.346299999999928,10.70834748,ltr,HEHOHC+MS-PGothic,5.346299999999928
銀河のしずく,64.55987096,92.74665515999999,218.1818820000001,28004.181882,223.52818200000002,True,5.346299999999928,28.18678419999999,ltr,HEHOHC+MS-PGothic,5.346299999999928
"16,263",120.36,139.18116335,217.80870199999993,28003.808702,223.86800199999993,True,6.0593000000000075,18.821163349999992,ltr,HEHOHC+MS-PGothic,6.0593000000000075
"1,038",153.65888771,168.88008908999998,217.80870199999993,28003.808702,223.86800199999993,True,6.0593000000000075,15.221201379999997,ltr,HEHOHC+MS-PGothic,6.0593000000000075
"16,109",185.8796729,202.90055106,217.80870199999993,28003.808702,223.86800199999993,True,6.0593000000000075,17.020878159999995,ltr,HEHOHC+MS-PGothic,6.0593000000000075
101%,213.77831345,226.48008901999998,217.80870199999993,28003.808702,223.86800199999993,True,6.0593000000000075,12.701775569999967,ltr,HEHOHC+MS-PGothic,6.0593000000000075
-,247.07780957,250.11985957,217.80870199999993,28003.808702,223.86800199999993,True,6.0593000000000075,3.042049999999989,ltr,HEHOHC+MS-PGothic,6.0593000000000075
-,276.05759469000003,279.09964469000005,217.80870199999993,28003.808702,223.86800199999993,True,6.0593000000000075,3.0420500000000175,ltr,HEHOHC+MS-PGothic,6.0593000000000075
"16,257",291.11756742,308.07882140000004,217.80870199999993,28003.808702,223.86800199999993,True,6.0593000000000075,16.961253980000038,ltr,HEHOHC+MS-PGothic,6.0593000000000075
-,334.07678911,337.11883911,217.80870199999993,28003.808702,223.86800199999993,True,6.0593000000000075,3.0420500000000175,ltr,HEHOHC+MS-PGothic,6.0593000000000075
-,357.65693548,360.69898548000003,217.80870199999993,28003.808702,223.86800199999993,True,6.0593000000000075,3.0420500000000175,ltr,HEHOHC+MS-PGothic,6.0593000000000075
1,384.17691897,386.89300000000003,217.80870199999993,28003.808702,223.86800199999993,True,6.0593000000000075,2.716081030000055,ltr,HEHOHC+MS-PGothic,6.0593000000000075
宮城,47.76,58.46834748,227.42188199999998,28013.421882,232.7681819999999,True,5.346299999999928,10.70834748,ltr,HEHOHC+MS-PGothic,5.346299999999928
ひとめぼれ,64.55987096,89.24806887999999,227.42188199999998,28013.421882,232.7681819999999,True,5.346299999999928,24.688197919999993,ltr,HEHOHC+MS-PGothic,5.346299999999928
"15,555",120.36,139.18116335,227.04870199999993,28013.048702,233.10800199999994,True,6.0593000000000075,18.821163349999992,ltr,HEHOHC+MS-PGothic,6.0593000000000075
"12,081",150.11915833,168.88008909,227.04870199999993,28013.048702,233.10800199999994,True,6.0593000000000075,18.760930760000008,ltr,HEHOHC+MS-PGothic,6.0593000000000075
"15,515",185.8796729,202.90055106,227.04870199999993,28013.048702,233.10800199999994,True,6.0593000000000075,17.020878159999995,ltr,HEHOHC+MS-PGothic,6.0593000000000075
100%,213.77831345,226.48008901999998,227.04870199999993,28013.048702,233.10800199999994,True,6.0593000000000075,12.701775569999967,ltr,HEHOHC+MS-PGothic,6.0593000000000075
100%,237.41808400000002,250.11985957,227.04870199999993,28013.048702,233.10800199999994,True,6.0593000000000075,12.701775569999967,ltr,HEHOHC+MS-PGothic,6.0593000000000075
"15,503",262.1377823,279.09903628000006,227.04870199999993,28013.048702,233.10800199999994,True,6.0593000000000075,16.961253980000038,ltr,HEHOHC+MS-PGothic,6.0593000000000075
"15,532",291.11695901,308.07821299,227.04870199999993,28013.048702,233.10800199999994,True,6.0593000000000075,16.96125397999998,ltr,HEHOHC+MS-PGothic,6.0593000000000075
"15,535",320.09613572,337.11701388,227.04870199999993,28013.048702,233.10800199999994,True,6.0593000000000075,17.020878159999995,ltr,HEHOHC+MS-PGothic,6.0593000000000075
100%,347.99477627,360.69655184,227.04870199999993,28013.048702,233.10800199999994,True,6.0593000000000075,12.701775569999995,ltr,HEHOHC+MS-PGothic,6.0593000000000075
"19,7",376.61438266999994,386.89300000000003,227.04870199999993,28013.048702,233.10800199999994,True,6.0593000000000075,10.278617330000088,ltr,HEHOHC+MS-PGothic,6.0593000000000075
宮城,47.76,58.46834748,236.72188200000005,28022.721882,242.06818199999998,True,5.346299999999928,10.70834748,ltr,HEHOHC+MS-PGothic,5.346299999999928
つや姫,64.55987096,80.30753551999999,236.72188200000005,28022.721882,242.06818199999998,True,5.346299999999928,15.74766455999999,ltr,HEHOHC+MS-PGothic,5.346299999999928
"15,914",120.36,139.18116335,236.348702,28022.348702,242.408002,True,6.0593000000000075,18.821163349999992,ltr,HEHOHC+MS-PGothic,6.0593000000000075
"1,024",153.65888771,168.88008908999998,236.348702,28022.348702,242.408002,True,6.0593000000000075,15.221201379999997,ltr,HEHOHC+MS-PGothic,6.0593000000000075
"15,946",185.8796729,202.90055106,236.348702,28022.348702,242.408002,True,6.0593000000000075,17.020878159999995,ltr,HEHOHC+MS-PGothic,6.0593000000000075
100%,213.77831345,226.48008901999998,236.348702,28022.348702,242.408002,True,6.0593000000000075,12.701775569999967,ltr,HEHOHC+MS-PGothic,6.0593000000000075
100%,237.41808400000002,250.11985957,236.348702,28022.348702,242.408002,True,6.0593000000000075,12.701775569999967,ltr,HEHOHC+MS-PGothic,6.0593000000000075
"15,955",262.1377823,279.09903628000006,236.348702,28022.348702,242.408002,True,6.0593000000000075,16.961253980000038,ltr,HEHOHC+MS-PGothic,6.0593000000000075
"15,918",291.11695901,308.07821299,236.348702,28022.348702,242.408002,True,6.0593000000000075,16.96125397999998,ltr,HEHOHC+MS-PGothic,6.0593000000000075
"15,822",320.09613572,337.11701388,236.348702,28022.348702,242.408002,True,6.0593000000000075,17.020878159999995,ltr,HEHOHC+MS-PGothic,6.0593000000000075
101%,347.99477627,360.69655184,236.348702,28022.348702,242.408002,True,6.0593000000000075,12.701775569999995,ltr,HEHOHC+MS-PGothic,6.0593000000000075
"1,4",379.85416592,386.89300000000003,236.348702,28022.348702,242.408002,True,6.0593000000000075,7.038834080000015,ltr,HEHOHC+MS-PGothic,6.0593000000000075
宮城,47.76,58.46834748,245.96188200000006,28031.961882,251.308182,True,5.346299999999928,10.70834748,ltr,HEHOHC+MS-PGothic,5.346299999999928
ササニシキ,64.55987096,89.75538268,245.96188200000006,28031.961882,251.308182,True,5.346299999999928,25.19551172,ltr,HEHOHC+MS-PGothic,5.346299999999928
"15,832",120.36,139.18116335,245.588702,28031.588702,251.64800200000002,True,6.0593000000000075,18.821163349999992,ltr,HEHOHC+MS-PGothic,6.0593000000000075
725,158.69895615000001,168.8806975,245.588702,28031.588702,251.64800200000002,True,6.0593000000000075,10.181741349999982,ltr,HEHOHC+MS-PGothic,6.0593000000000075
"15,741",185.8796729,202.90055106,245.588702,28031.588702,251.64800200000002,True,6.0593000000000075,17.020878159999995,ltr,HEHOHC+MS-PGothic,6.0593000000000075
101%,213.77831345,226.48008901999998,245.588702,28031.588702,251.64800200000002,True,6.0593000000000075,12.701775569999967,ltr,HEHOHC+MS-PGothic,6.0593000000000075
99%,240.65786725,250.11985957,245.588702,28031.588702,251.64800200000002,True,6.0593000000000075,9.461992319999979,ltr,HEHOHC+MS-PGothic,6.0593000000000075
"15,998",262.1377823,279.09903628000006,245.588702,28031.588702,251.64800200000002,True,6.0593000000000075,16.961253980000038,ltr,HEHOHC+MS-PGothic,6.0593000000000075
"15,820",291.11695901,308.07821299,245.588702,28031.588702,251.64800200000002,True,6.0593000000000075,16.96125397999998,ltr,HEHOHC+MS-PGothic,6.0593000000000075
"15,767",320.09613572,337.11701387999994,245.588702,28031.588702,251.64800200000002,True,6.0593000000000075,17.02087815999994,ltr,HEHOHC+MS-PGothic,6.0593000000000075
100%,347.99477627,360.69655184,245.588702,28031.588702,251.64800200000002,True,6.0593000000000075,12.701775569999995,ltr,HEHOHC+MS-PGothic,6.0593000000000075
5,384.1744853299999,386.89300000000003,245.588702,28031.588702,251.64800200000002,True,6.0593000000000075,2.718514670000104,ltr,HEHOHC+MS-PGothic,6.0593000000000075
秋田,47.76,58.46834748,255.261882,28041.261882,260.60818199999994,True,5.346299999999928,10.70834748,ltr,HEHOHC+MS-PGothic,5.346299999999928
あきたこまち,64.55987096,92.83469692,255.261882,28041.261882,260.60818199999994,True,5.346299999999928,28.27482596,ltr,HEHOHC+MS-PGothic,5.346299999999928
"15,853",120.36,139.18116335,254.88870199999997,28040.888702,260.948002,True,6.0593000000000075,18.821163349999992,ltr,HEHOHC+MS-PGothic,6.0593000000000075
"29,283",150.11915833,168.88008909,254.88870199999997,28040.888702,260.948002,True,6.0593000000000075,18.760930760000008,ltr,HEHOHC+MS-PGothic,6.0593000000000075
"15,896",185.8796729,202.90055106,254.88870199999997,28040.888702,260.948002,True,6.0593000000000075,17.020878159999995,ltr,HEHOHC+MS-PGothic,6.0593000000000075
100%,213.77831345,226.48008901999998,254.88870199999997,28040.888702,260.948002,True,6.0593000000000075,12.701775569999967,ltr,HEHOHC+MS-PGothic,6.0593000000000075
100%,237.41808400000002,250.11985957,254.88870199999997,28040.888702,260.948002,True,6.0593000000000075,12.701775569999967,ltr,HEHOHC+MS-PGothic,6.0593000000000075
"15,894",262.1377823,279.09903628000006,254.88870199999997,28040.888702,260.948002,True,6.0593000000000075,16.961253980000038,ltr,HEHOHC+MS-PGothic,6.0593000000000075
"15,837",291.11695901,308.07821299,254.88870199999997,28040.888702,260.948002,True,6.0593000000000075,16.96125397999998,ltr,HEHOHC+MS-PGothic,6.0593000000000075
"15,843",320.09613572,337.11701388,254.88870199999997,28040.888702,260.948002,True,6.0593000000000075,17.020878159999995,ltr,HEHOHC+MS-PGothic,6.0593000000000075
100%,347.99477627,360.69655184,254.88870199999997,28040.888702,260.948002,True,6.0593000000000075,12.701775569999995,ltr,HEHOHC+MS-PGothic,6.0593000000000075
"22,9",376.61438266999994,386.89300000000003,254.88870199999997,28040.888702,260.948002,True,6.0593000000000075,10.278617330000088,ltr,HEHOHC+MS-PGothic,6.0593000000000075
秋田,47.76,58.46942116,264.501882,28050.501882,269.84818199999995,True,5.346299999999928,10.709421160000005,ltr,HEHOHC+MS-PGothic,5.346299999999928
めんこいな,64.56094464,88.7182078,264.501882,28050.501882,269.84818199999995,True,5.346299999999928,24.15726316,ltr,HEHOHC+MS-PGothic,5.346299999999928
"14,559",120.36,139.18116335,264.128702,28050.128702,270.188002,True,6.0593000000000075,18.821163349999992,ltr,HEHOHC+MS-PGothic,6.0593000000000075
"2,718",153.65888771,168.88008908999998,264.128702,28050.128702,270.188002,True,6.0593000000000075,15.221201379999997,ltr,HEHOHC+MS-PGothic,6.0593000000000075
"15,032",185.8796729,202.90055106,264.128702,28050.128702,270.188002,True,6.0593000000000075,17.020878159999995,ltr,HEHOHC+MS-PGothic,6.0593000000000075
97%,217.01870511,226.48069743,264.128702,28050.128702,270.188002,True,6.0593000000000075,9.461992319999979,ltr,HEHOHC+MS-PGothic,6.0593000000000075
98%,240.65847566000002,250.12046798,264.128702,28050.128702,270.188002,True,6.0593000000000075,9.461992319999979,ltr,HEHOHC+MS-PGothic,6.0593000000000075
"14,925",262.13839071,279.09964469000005,264.128702,28050.128702,270.188002,True,6.0593000000000075,16.961253980000038,ltr,HEHOHC+MS-PGothic,6.0593000000000075
"14,553",291.11756742,308.07882140000004,264.128702,28050.128702,270.188002,True,6.0593000000000075,16.961253980000038,ltr,HEHOHC+MS-PGothic,6.0593000000000075
"14,784",320.09674413,337.11762229,264.128702,28050.128702,270.188002,True,6.0593000000000075,17.020878159999995,ltr,HEHOHC+MS-PGothic,6.0593000000000075
98%,351.23577634,360.69776865999995,264.128702,28050.128702,270.188002,True,6.0593000000000075,9.461992319999979,ltr,HEHOHC+MS-PGothic,6.0593000000000075
5,384.17570215,386.89300000000003,264.128702,28050.128702,270.188002,True,6.0593000000000075,2.7172978500000227,ltr,HEHOHC+MS-PGothic,6.0593000000000075
秋田,47.76,58.46834748,273.8018820000001,28059.801882,279.148182,True,5.346299999999928,10.70834748,ltr,HEHOHC+MS-PGothic,5.346299999999928
ひとめぼれ,64.55987096,89.24806887999999,273.8018820000001,28059.801882,279.148182,True,5.346299999999928,24.688197919999993,ltr,HEHOHC+MS-PGothic,5.346299999999928
"15,281",120.36,139.18116335,273.42860199999996,28059.428602,279.48790199999996,True,6.0593000000000075,18.821163349999992,ltr,HEHOHC+MS-PGothic,6.0593000000000075
"6,033",153.65888771,168.88008908999998,273.42860199999996,28059.428602,279.48790199999996,True,6.0593000000000075,15.221201379999997,ltr,HEHOHC+MS-PGothic,6.0593000000000075
"15,284",185.8796729,202.90055106,273.42860199999996,28059.428602,279.48790199999996,True,6.0593000000000075,17.020878159999995,ltr,HEHOHC+MS-PGothic,6.0593000000000075
100%,213.77831345,226.48008901999998,273.42860199999996,28059.428602,279.48790199999996,True,6.0593000000000075,12.701775569999967,ltr,HEHOHC+MS-PGothic,6.0593000000000075
98%,240.65786725,250.11985957,273.42860199999996,28059.428602,279.48790199999996,True,6.0593000000000075,9.461992319999979,ltr,HEHOHC+MS-PGothic,6.0593000000000075
"15,518",262.1377823,279.09903628000006,273.42860199999996,28059.428602,279.48790199999996,True,6.0593000000000075,16.961253980000038,ltr,HEHOHC+MS-PGothic,6.0593000000000075
"15,252",291.11695901,308.07821299,273.42860199999996,28059.428602,279.48790199999996,True,6.0593000000000075,16.96125397999998,ltr,HEHOHC+MS-PGothic,6.0593000000000075
"15,433",320.09613572,337.11701387999994,273.42860199999996,28059.428602,279.48790199999996,True,6.0593000000000075,17.02087815999994,ltr,HEHOHC+MS-PGothic,6.0593000000000075
99%,351.23516793,360.69716024999997,273.42860199999996,28059.428602,279.48790199999996,True,6.0593000000000075,9.461992319999979,ltr,HEHOHC+MS-PGothic,6.0593000000000075
"2,6",379.85477432999994,386.89300000000003,273.42860199999996,28059.428602,279.48790199999996,True,6.0593000000000075,7.038225670000088,ltr,HEHOHC+MS-PGothic,6.0593000000000075
山形,47.76,58.46834748,283.041782,28069.041782,288.38808199999994,True,5.346299999999928,10.70834748,ltr,HEHOHC+MS-PGothic,5.346299999999928
はえぬき,64.55987096,84.80893892,283.041782,28069.041782,288.38808199999994,True,5.346299999999928,20.249067960000005,ltr,HEHOHC+MS-PGothic,5.346299999999928
"15,249",120.36,139.18116335,282.66860199999996,28068.668602,288.727902,True,6.0593000000000075,18.821163349999992,ltr,HEHOHC+MS-PGothic,6.0593000000000075
"19,920",150.11915833,168.88008909,282.66860199999996,28068.668602,288.727902,True,6.0593000000000075,18.760930760000008,ltr,HEHOHC+MS-PGothic,6.0593000000000075
"15,683",185.8796729,202.90055106,282.66860199999996,28068.668602,288.727902,True,6.0593000000000075,17.020878159999995,ltr,HEHOHC+MS-PGothic,6.0593000000000075
97%,217.01870511,226.48069743,282.66860199999996,28068.668602,288.727902,True,6.0593000000000075,9.461992319999979,ltr,HEHOHC+MS-PGothic,6.0593000000000075
98%,240.65847566000002,250.12046798,282.66860199999996,28068.668602,288.727902,True,6.0593000000000075,9.461992319999979,ltr,HEHOHC+MS-PGothic,6.0593000000000075
"15,563",262.13839071,279.09964469000005,282.66860199999996,28068.668602,288.727902,True,6.0593000000000075,16.961253980000038,ltr,HEHOHC+MS-PGothic,6.0593000000000075
"15,461",291.11756742,308.07882140000004,282.66860199999996,28068.668602,288.727902,True,6.0593000000000075,16.961253980000038,ltr,HEHOHC+MS-PGothic,6.0593000000000075
"15,407",320.09674413,337.11762229,282.66860199999996,28068.668602,288.727902,True,6.0593000000000075,17.020878159999995,ltr,HEHOHC+MS-PGothic,6.0593000000000075
101%,347.99538468,360.69716024999997,282.66860199999996,28068.668602,288.727902,True,6.0593000000000075,12.701775569999995,ltr,HEHOHC+MS-PGothic,6.0593000000000075
"14,3",376.61499108,386.89300000000003,282.66860199999996,28068.668602,288.727902,True,6.0593000000000075,10.278008920000048,ltr,HEHOHC+MS-PGothic,6.0593000000000075
山形,47.76,58.46834748,292.281782,28078.281782,297.62808199999995,True,5.346299999999928,10.70834748,ltr,HEHOHC+MS-PGothic,5.346299999999928
つや姫,64.55987096,80.30753551999999,292.281782,28078.281782,297.62808199999995,True,5.346299999999928,15.74766455999999,ltr,HEHOHC+MS-PGothic,5.346299999999928
"18,384",120.36,139.18116335,291.90870199999995,28077.908702,297.96800199999996,True,6.0593000000000075,18.821163349999992,ltr,HEHOHC+MS-PGothic,6.0593000000000075
"8,155",153.65888771,168.88008908999998,291.90870199999995,28077.908702,297.96800199999996,True,6.0593000000000075,15.221201379999997,ltr,HEHOHC+MS-PGothic,6.0593000000000075
"18,802",185.8796729,202.90055106,291.90870199999995,28077.908702,297.96800199999996,True,6.0593000000000075,17.020878159999995,ltr,HEHOHC+MS-PGothic,6.0593000000000075
98%,217.01870511,226.48069743,291.90870199999995,28077.908702,297.96800199999996,True,6.0593000000000075,9.461992319999979,ltr,HEHOHC+MS-PGothic,6.0593000000000075
99%,240.65847566000002,250.12046798,291.90870199999995,28077.908702,297.96800199999996,True,6.0593000000000075,9.461992319999979,ltr,HEHOHC+MS-PGothic,6.0593000000000075
"18,512",262.13839071,279.09964469000005,291.90870199999995,28077.908702,297.96800199999996,True,6.0593000000000075,16.961253980000038,ltr,HEHOHC+MS-PGothic,6.0593000000000075
"18,566",291.11756742,308.07882140000004,291.90870199999995,28077.908702,297.96800199999996,True,6.0593000000000075,16.961253980000038,ltr,HEHOHC+MS-PGothic,6.0593000000000075
"18,347",320.09674413,337.11762229,291.90870199999995,28077.908702,297.96800199999996,True,6.0593000000000075,17.020878159999995,ltr,HEHOHC+MS-PGothic,6.0593000000000075
102%,347.99538468,360.69716024999997,291.90870199999995,28077.908702,297.96800199999996,True,6.0593000000000075,12.701775569999995,ltr,HEHOHC+MS-PGothic,6.0593000000000075
"5,0",379.85477432999994,386.89300000000003,291.90870199999995,28077.908702,297.96800199999996,True,6.0593000000000075,7.038225670000088,ltr,HEHOHC+MS-PGothic,6.0593000000000075
山形,47.76,58.46834748,301.58188200000006,28087.581882,306.928182,True,5.346299999999928,10.70834748,ltr,HEHOHC+MS-PGothic,5.346299999999928
ひとめぼれ,64.55987096,89.24806887999999,301.58188200000006,28087.581882,306.928182,True,5.346299999999928,24.688197919999993,ltr,HEHOHC+MS-PGothic,5.346299999999928
"16,079",120.36,139.18116335,301.208702,28087.208702,307.268002,True,6.0593000000000075,18.821163349999992,ltr,HEHOHC+MS-PGothic,6.0593000000000075
"1,064",153.65888771,168.88008908999998,301.208702,28087.208702,307.268002,True,6.0593000000000075,15.221201379999997,ltr,HEHOHC+MS-PGothic,6.0593000000000075
"15,754",185.8796729,202.90055106,301.208702,28087.208702,307.268002,True,6.0593000000000075,17.020878159999995,ltr,HEHOHC+MS-PGothic,6.0593000000000075
102%,213.77831345,226.48008901999998,301.208702,28087.208702,307.268002,True,6.0593000000000075,12.701775569999967,ltr,HEHOHC+MS-PGothic,6.0593000000000075
103%,237.41808400000002,250.11985957,301.208702,28087.208702,307.268002,True,6.0593000000000075,12.701775569999967,ltr,HEHOHC+MS-PGothic,6.0593000000000075
"15,559",262.1377823,279.09903628000006,301.208702,28087.208702,307.268002,True,6.0593000000000075,16.961253980000038,ltr,HEHOHC+MS-PGothic,6.0593000000000075
"16,346",291.11695901,308.07821299,301.208702,28087.208702,307.268002,True,6.0593000000000075,16.96125397999998,ltr,HEHOHC+MS-PGothic,6.0593000000000075
"15,970",320.09613572,337.11701388,301.208702,28087.208702,307.268002,True,6.0593000000000075,17.020878159999995,ltr,HEHOHC+MS-PGothic,6.0593000000000075
103%,347.99477627,360.69655184,301.208702,28087.208702,307.268002,True,6.0593000000000075,12.701775569999995,ltr,HEHOHC+MS-PGothic,6.0593000000000075
"1,6",379.85416592,386.89300000000003,301.208702,28087.208702,307.268002,True,6.0593000000000075,7.038834080000015,ltr,HEHOHC+MS-PGothic,6.0593000000000075
福島,47.76,58.46512644,310.8218820000001,28096.821882,316.168182,True,5.346299999999928,10.70512644,ltr,HEHOHC+MS-PGothic,5.346299999999928
コシヒカリ（中通り）,64.55664992,105.88581416,310.8218820000001,28096.821882,316.168182,True,5.346299999999928,41.32916424,ltr,HEHOHC+MS-PGothic,5.346299999999928
"15,041",120.36,139.18116335,310.448702,28096.448702,316.50800200000003,True,6.0593000000000075,18.821163349999992,ltr,HEHOHC+MS-PGothic,6.0593000000000075
"2,887",153.65888771,168.88008908999998,310.448702,28096.448702,316.50800200000003,True,6.0593000000000075,15.221201379999997,ltr,HEHOHC+MS-PGothic,6.0593000000000075
"15,290",185.8796729,202.90055106,310.448702,28096.448702,316.50800200000003,True,6.0593000000000075,17.020878159999995,ltr,HEHOHC+MS-PGothic,6.0593000000000075
98%,217.01870511,226.48069743,310.448702,28096.448702,316.50800200000003,True,6.0593000000000075,9.461992319999979,ltr,HEHOHC+MS-PGothic,6.0593000000000075
97%,240.65847566000002,250.12046798,310.448702,28096.448702,316.50800200000003,True,6.0593000000000075,9.461992319999979,ltr,HEHOHC+MS-PGothic,6.0593000000000075
"15,580",262.13839071,279.09964469000005,310.448702,28096.448702,316.50800200000003,True,6.0593000000000075,16.961253980000038,ltr,HEHOHC+MS-PGothic,6.0593000000000075
"15,403",291.11756742,308.07882140000004,310.448702,28096.448702,316.50800200000003,True,6.0593000000000075,16.961253980000038,ltr,HEHOHC+MS-PGothic,6.0593000000000075
"15,463",320.09674413,337.11762229,310.448702,28096.448702,316.50800200000003,True,6.0593000000000075,17.020878159999995,ltr,HEHOHC+MS-PGothic,6.0593000000000075
100%,347.99538468,360.69716024999997,310.448702,28096.448702,316.50800200000003,True,6.0593000000000075,12.701775569999995,ltr,HEHOHC+MS-PGothic,6.0593000000000075
"2,6",379.85477432999994,386.89300000000003,310.448702,28096.448702,316.50800200000003,True,6.0593000000000075,7.038225670000088,ltr,HEHOHC+MS-PGothic,6.0593000000000075
福島,47.76,58.4672738,320.121882,28106.121882,325.46818199999996,True,5.346299999999928,10.707273800000003,ltr,HEHOHC+MS-PGothic,5.346299999999928
コシヒカリ（会津）,64.55879728,101.92339812000002,320.121882,28106.121882,325.46818199999996,True,5.346299999999928,37.36460084000002,ltr,HEHOHC+MS-PGothic,5.346299999999928
"16,219",120.36,139.18116335,319.748702,28105.748702,325.808002,True,6.0593000000000075,18.821163349999992,ltr,HEHOHC+MS-PGothic,6.0593000000000075
"6,245",153.65888771,168.88008908999998,319.748702,28105.748702,325.808002,True,6.0593000000000075,15.221201379999997,ltr,HEHOHC+MS-PGothic,6.0593000000000075
"15,737",185.8796729,202.90055106,319.748702,28105.748702,325.808002,True,6.0593000000000075,17.020878159999995,ltr,HEHOHC+MS-PGothic,6.0593000000000075
103%,213.77831345,226.48008901999998,319.748702,28105.748702,325.808002,True,6.0593000000000075,12.701775569999967,ltr,HEHOHC+MS-PGothic,6.0593000000000075
106%,237.41808400000002,250.11985957,319.748702,28105.748702,325.808002,True,6.0593000000000075,12.701775569999967,ltr,HEHOHC+MS-PGothic,6.0593000000000075
"15,305",262.1377823,279.09903628000006,319.748702,28105.748702,325.808002,True,6.0593000000000075,16.961253980000038,ltr,HEHOHC+MS-PGothic,6.0593000000000075
"16,011",291.11695901,308.07821299,319.748702,28105.748702,325.808002,True,6.0593000000000075,16.96125397999998,ltr,HEHOHC+MS-PGothic,6.0593000000000075
"15,528",320.09613572,337.11701388,319.748702,28105.748702,325.808002,True,6.0593000000000075,17.020878159999995,ltr,HEHOHC+MS-PGothic,6.0593000000000075
103%,347.99477627,360.69655184,319.748702,28105.748702,325.808002,True,6.0593000000000075,12.701775569999995,ltr,HEHOHC+MS-PGothic,6.0593000000000075
"3,2",379.85416592,386.89300000000003,319.748702,28105.748702,325.808002,True,6.0593000000000075,7.038834080000015,ltr,HEHOHC+MS-PGothic,6.0593000000000075
福島,47.76,58.46512644,329.36188200000004,28115.361882,334.708182,True,5.346299999999985,10.70512644,ltr,HEHOHC+MS-PGothic,5.346299999999985
コシヒカリ（浜通り）,64.55664992,105.88581416,329.36188200000004,28115.361882,334.708182,True,5.346299999999985,41.32916424,ltr,HEHOHC+MS-PGothic,5.346299999999985
"15,008",120.36,139.18116335,328.988702,28114.988702,335.048002,True,6.0593000000000075,18.821163349999992,ltr,HEHOHC+MS-PGothic,6.0593000000000075
"2,530",153.65888771,168.88008908999998,328.988702,28114.988702,335.048002,True,6.0593000000000075,15.221201379999997,ltr,HEHOHC+MS-PGothic,6.0593000000000075
"15,070",185.8796729,202.90055106,328.988702,28114.988702,335.048002,True,6.0593000000000075,17.020878159999995,ltr,HEHOHC+MS-PGothic,6.0593000000000075
100%,213.77831345,226.48008901999998,328.988702,28114.988702,335.048002,True,6.0593000000000075,12.701775569999967,ltr,HEHOHC+MS-PGothic,6.0593000000000075
100%,237.41808400000002,250.11985957,328.988702,28114.988702,335.048002,True,6.0593000000000075,12.701775569999967,ltr,HEHOHC+MS-PGothic,6.0593000000000075
"15,071",262.1377823,279.09903628000006,328.988702,28114.988702,335.048002,True,6.0593000000000075,16.961253980000038,ltr,HEHOHC+MS-PGothic,6.0593000000000075
"15,007",291.11695901,308.07821299,328.988702,28114.988702,335.048002,True,6.0593000000000075,16.96125397999998,ltr,HEHOHC+MS-PGothic,6.0593000000000075
"15,096",320.09613572,337.11701388,328.988702,28114.988702,335.048002,True,6.0593000000000075,17.020878159999995,ltr,HEHOHC+MS-PGothic,6.0593000000000075
99%,351.23516793,360.69716025,328.988702,28114.988702,335.048002,True,6.0593000000000075,9.461992320000036,ltr,HEHOHC+MS-PGothic,6.0593000000000075
"1,3",379.85477432999994,386.89300000000003,328.988702,28114.988702,335.048002,True,6.0593000000000075,7.038225670000088,ltr,HEHOHC+MS-PGothic,6.0593000000000075
福島,47.76,58.46834748,338.661882,28124.661882,344.00818200000003,True,5.346300000000042,10.70834748,ltr,HEHOHC+MS-PGothic,5.346300000000042
ひとめぼれ,64.55987096,89.24806887999999,338.661882,28124.661882,344.00818200000003,True,5.346300000000042,24.688197919999993,ltr,HEHOHC+MS-PGothic,5.346300000000042
"14,949",120.36,139.18116335,338.288702,28124.288702,344.348002,True,6.0593000000000075,18.821163349999992,ltr,HEHOHC+MS-PGothic,6.0593000000000075
"7,686",153.65888771,168.88008908999998,338.288702,28124.288702,344.348002,True,6.0593000000000075,15.221201379999997,ltr,HEHOHC+MS-PGothic,6.0593000000000075
"14,749",185.8796729,202.90055106,338.288702,28124.288702,344.348002,True,6.0593000000000075,17.020878159999995,ltr,HEHOHC+MS-PGothic,6.0593000000000075
101%,213.77831345,226.48008901999998,338.288702,28124.288702,344.348002,True,6.0593000000000075,12.701775569999967,ltr,HEHOHC+MS-PGothic,6.0593000000000075
101%,237.41808400000002,250.11985957,338.288702,28124.288702,344.348002,True,6.0593000000000075,12.701775569999967,ltr,HEHOHC+MS-PGothic,6.0593000000000075
"14,855",262.1377823,279.09903628000006,338.288702,28124.288702,344.348002,True,6.0593000000000075,16.961253980000038,ltr,HEHOHC+MS-PGothic,6.0593000000000075
"14,971",291.11695901,308.07821299,338.288702,28124.288702,344.348002,True,6.0593000000000075,16.96125397999998,ltr,HEHOHC+MS-PGothic,6.0593000000000075
"14,981",320.09613572,337.11701388,338.288702,28124.288702,344.348002,True,6.0593000000000075,17.020878159999995,ltr,HEHOHC+MS-PGothic,6.0593000000000075
100%,347.99477627,360.69655184,338.288702,28124.288702,344.348002,True,6.0593000000000075,12.701775569999995,ltr,HEHOHC+MS-PGothic,6.0593000000000075
"2,9",379.85416592,386.89300000000003,338.288702,28124.288702,344.348002,True,6.0593000000000075,7.038834080000015,ltr,HEHOHC+MS-PGothic,6.0593000000000075
福島,47.76,58.46834748,347.901882,28133.901882,353.24818200000004,True,5.346300000000042,10.70834748,ltr,HEHOHC+MS-PGothic,5.346300000000042
天のつぶ,64.55987096,85.647483,347.901882,28133.901882,353.24818200000004,True,5.346300000000042,21.087612039999996,ltr,HEHOHC+MS-PGothic,5.346300000000042
"14,688",120.36,139.18116335,347.528702,28133.528702,353.588002,True,6.0593000000000075,18.821163349999992,ltr,HEHOHC+MS-PGothic,6.0593000000000075
"2,497",153.65888771,168.88008908999998,347.528702,28133.528702,353.588002,True,6.0593000000000075,15.221201379999997,ltr,HEHOHC+MS-PGothic,6.0593000000000075
"13,886",185.8796729,202.90055106,347.528702,28133.528702,353.588002,True,6.0593000000000075,17.020878159999995,ltr,HEHOHC+MS-PGothic,6.0593000000000075
106%,213.77831345,226.48008901999998,347.528702,28133.528702,353.588002,True,6.0593000000000075,12.701775569999967,ltr,HEHOHC+MS-PGothic,6.0593000000000075
100%,237.41808400000002,250.11985957,347.528702,28133.528702,353.588002,True,6.0593000000000075,12.701775569999967,ltr,HEHOHC+MS-PGothic,6.0593000000000075
"14,739",262.1377823,279.09903628000006,347.528702,28133.528702,353.588002,True,6.0593000000000075,16.961253980000038,ltr,HEHOHC+MS-PGothic,6.0593000000000075
"14,562",291.11695901,308.07821299,347.528702,28133.528702,353.588002,True,6.0593000000000075,16.96125397999998,ltr,HEHOHC+MS-PGothic,6.0593000000000075
"14,609",320.09613572,337.11701388,347.528702,28133.528702,353.588002,True,6.0593000000000075,17.020878159999995,ltr,HEHOHC+MS-PGothic,6.0593000000000075
100%,347.99477627,360.69655184,347.528702,28133.528702,353.588002,True,6.0593000000000075,12.701775569999995,ltr,HEHOHC+MS-PGothic,6.0593000000000075
"2,2",379.85416592,386.89300000000003,347.528702,28133.528702,353.588002,True,6.0593000000000075,7.038834080000015,ltr,HEHOHC+MS-PGothic,6.0593000000000075
茨城,47.76,58.47371588,357.20188199999996,28143.201882,362.548182,True,5.346300000000042,10.713715880000002,ltr,HEHOHC+MS-PGothic,5.346300000000042
コシヒカリ,64.56523935999999,85.72371428000001,357.20188199999996,28143.201882,362.548182,True,5.346300000000042,21.158474920000018,ltr,HEHOHC+MS-PGothic,5.346300000000042
"15,409",120.36,139.18116335,356.82870199999996,28142.828702,362.888002,True,6.0593000000000075,18.821163349999992,ltr,HEHOHC+MS-PGothic,6.0593000000000075
"4,415",153.65888771,168.88008908999998,356.82870199999996,28142.828702,362.888002,True,6.0593000000000075,15.221201379999997,ltr,HEHOHC+MS-PGothic,6.0593000000000075
"15,524",185.8796729,202.90055106,356.82870199999996,28142.828702,362.888002,True,6.0593000000000075,17.020878159999995,ltr,HEHOHC+MS-PGothic,6.0593000000000075
99%,217.01870511,226.48069743,356.82870199999996,28142.828702,362.888002,True,6.0593000000000075,9.461992319999979,ltr,HEHOHC+MS-PGothic,6.0593000000000075
99%,240.65847566000002,250.12046798,356.82870199999996,28142.828702,362.888002,True,6.0593000000000075,9.461992319999979,ltr,HEHOHC+MS-PGothic,6.0593000000000075
"15,573",262.13839071,279.09964469000005,356.82870199999996,28142.828702,362.888002,True,6.0593000000000075,16.961253980000038,ltr,HEHOHC+MS-PGothic,6.0593000000000075
"15,661",291.11756742,308.07882140000004,356.82870199999996,28142.828702,362.888002,True,6.0593000000000075,16.961253980000038,ltr,HEHOHC+MS-PGothic,6.0593000000000075
"15,544",320.09674413,337.11762229,356.82870199999996,28142.828702,362.888002,True,6.0593000000000075,17.020878159999995,ltr,HEHOHC+MS-PGothic,6.0593000000000075
101%,347.99538468,360.69716024999997,356.82870199999996,28142.828702,362.888002,True,6.0593000000000075,12.701775569999995,ltr,HEHOHC+MS-PGothic,6.0593000000000075
"3,2",379.85477432999994,386.89300000000003,356.82870199999996,28142.828702,362.888002,True,6.0593000000000075,7.038225670000088,ltr,HEHOHC+MS-PGothic,6.0593000000000075
茨城,47.76,58.46834748,366.44188199999996,28152.441882,371.788182,True,5.346300000000042,10.70834748,ltr,HEHOHC+MS-PGothic,5.346300000000042
あきたこまち,64.55987096,92.83469692,366.44188199999996,28152.441882,371.788182,True,5.346300000000042,28.27482596,ltr,HEHOHC+MS-PGothic,5.346300000000042
"15,486",120.36,139.18116335,366.068702,28152.068702,372.128002,True,6.0593000000000075,18.821163349999992,ltr,HEHOHC+MS-PGothic,6.0593000000000075
563,158.69895615000001,168.8806975,366.068702,28152.068702,372.128002,True,6.0593000000000075,10.181741349999982,ltr,HEHOHC+MS-PGothic,6.0593000000000075
"15,485",185.8796729,202.90055106,366.068702,28152.068702,372.128002,True,6.0593000000000075,17.020878159999995,ltr,HEHOHC+MS-PGothic,6.0593000000000075
100%,213.77831345,226.48008901999998,366.068702,28152.068702,372.128002,True,6.0593000000000075,12.701775569999967,ltr,HEHOHC+MS-PGothic,6.0593000000000075
101%,237.41808400000002,250.11985957,366.068702,28152.068702,372.128002,True,6.0593000000000075,12.701775569999967,ltr,HEHOHC+MS-PGothic,6.0593000000000075
"15,305",262.1377823,279.09903628000006,366.068702,28152.068702,372.128002,True,6.0593000000000075,16.961253980000038,ltr,HEHOHC+MS-PGothic,6.0593000000000075
"15,483",291.11695901,308.07821299,366.068702,28152.068702,372.128002,True,6.0593000000000075,16.96125397999998,ltr,HEHOHC+MS-PGothic,6.0593000000000075
"15,108",320.09613572,337.11701388,366.068702,28152.068702,372.128002,True,6.0593000000000075,17.020878159999995,ltr,HEHOHC+MS-PGothic,6.0593000000000075
102%,347.99477627,360.69655184,366.068702,28152.068702,372.128002,True,6.0593000000000075,12.701775569999995,ltr,HEHOHC+MS-PGothic,6.0593000000000075
2,384.17448533,386.89300000000003,366.068702,28152.068702,372.128002,True,6.0593000000000075,2.7185146700000473,ltr,HEHOHC+MS-PGothic,6.0593000000000075
茨城,47.76,58.46834748,375.741882,28161.741882,381.088182,True,5.346300000000042,10.70834748,ltr,HEHOHC+MS-PGothic,5.346300000000042
あさひの夢,64.55987096,89.24806887999999,375.741882,28161.741882,381.088182,True,5.346300000000042,24.688197919999993,ltr,HEHOHC+MS-PGothic,5.346300000000042
"13,396",120.36,139.18116335,375.368702,28161.368702,381.428002,True,6.0593000000000075,18.821163349999992,ltr,HEHOHC+MS-PGothic,6.0593000000000075
257,158.69895615000001,168.8806975,375.368702,28161.368702,381.428002,True,6.0593000000000075,10.181741349999982,ltr,HEHOHC+MS-PGothic,6.0593000000000075
-,199.85971788,202.90176788,375.368702,28161.368702,381.428002,True,6.0593000000000075,3.042049999999989,ltr,HEHOHC+MS-PGothic,6.0593000000000075
-,223.43986425,226.48191425,375.368702,28161.368702,381.428002,True,6.0593000000000075,3.042049999999989,ltr,HEHOHC+MS-PGothic,6.0593000000000075
-,247.0796348,250.1216848,375.368702,28161.368702,381.428002,True,6.0593000000000075,3.042049999999989,ltr,HEHOHC+MS-PGothic,6.0593000000000075
-,276.05941992,279.10146992,375.368702,28161.368702,381.428002,True,6.0593000000000075,3.0420500000000175,ltr,HEHOHC+MS-PGothic,6.0593000000000075
"13,701",291.11939265,308.08064663000005,375.368702,28161.368702,381.428002,True,6.0593000000000075,16.961253980000038,ltr,HEHOHC+MS-PGothic,6.0593000000000075
-,334.07861434,337.12066434,375.368702,28161.368702,381.428002,True,6.0593000000000075,3.0420500000000175,ltr,HEHOHC+MS-PGothic,6.0593000000000075
-,357.65876071,360.70081071000004,375.368702,28161.368702,381.428002,True,6.0593000000000075,3.0420500000000175,ltr,HEHOHC+MS-PGothic,6.0593000000000075
栃木,47.76,58.47371588,384.981882,28170.981882,390.328182,True,5.346300000000042,10.713715880000002,ltr,HEHOHC+MS-PGothic,5.346300000000042
コシヒカリ,64.56523935999999,85.72371428000001,384.981882,28170.981882,390.328182,True,5.346300000000042,21.158474920000018,ltr,HEHOHC+MS-PGothic,5.346300000000042
"15,717",120.36,139.18116335,384.608702,28170.608702,390.668002,True,6.0593000000000075,18.821163349999992,ltr,HEHOHC+MS-PGothic,6.0593000000000075
"29,080",150.11915833,168.88008909,384.608702,28170.608702,390.668002,True,6.0593000000000075,18.760930760000008,ltr,HEHOHC+MS-PGothic,6.0593000000000075
"15,536",185.8796729,202.90055106,384.608702,28170.608702,390.668002,True,6.0593000000000075,17.020878159999995,ltr,HEHOHC+MS-PGothic,6.0593000000000075
101%,213.77831345,226.48008901999998,384.608702,28170.608702,390.668002,True,6.0593000000000075,12.701775569999967,ltr,HEHOHC+MS-PGothic,6.0593000000000075
100%,237.41808400000002,250.11985957,384.608702,28170.608702,390.668002,True,6.0593000000000075,12.701775569999967,ltr,HEHOHC+MS-PGothic,6.0593000000000075
"15,641",262.1377823,279.09903628000006,384.608702,28170.608702,390.668002,True,6.0593000000000075,16.961253980000038,ltr,HEHOHC+MS-PGothic,6.0593000000000075
"15,661",291.11695901,308.07821299,384.608702,28170.608702,390.668002,True,6.0593000000000075,16.96125397999998,ltr,HEHOHC+MS-PGothic,6.0593000000000075
"15,596",320.09613572,337.11701388,384.608702,28170.608702,390.668002,True,6.0593000000000075,17.020878159999995,ltr,HEHOHC+MS-PGothic,6.0593000000000075
100%,347.99477627,360.69655184,384.608702,28170.608702,390.668002,True,6.0593000000000075,12.701775569999995,ltr,HEHOHC+MS-PGothic,6.0593000000000075
"7,5",379.85416592,386.89300000000003,384.608702,28170.608702,390.668002,True,6.0593000000000075,7.038834080000015,ltr,HEHOHC+MS-PGothic,6.0593000000000075
栃木,47.76,58.46834748,394.221882,28180.221882,399.56818200000004,True,5.346300000000042,10.70834748,ltr,HEHOHC+MS-PGothic,5.346300000000042
あさひの夢,64.55987096,89.24806887999999,394.221882,28180.221882,399.56818200000004,True,5.346300000000042,24.688197919999993,ltr,HEHOHC+MS-PGothic,5.346300000000042
"14,943",120.36,139.18116335,393.908702,28179.908702,399.968002,True,6.0593000000000075,18.821163349999992,ltr,HEHOHC+MS-PGothic,6.0593000000000075
"3,970",153.65888771,168.88008908999998,393.908702,28179.908702,399.968002,True,6.0593000000000075,15.221201379999997,ltr,HEHOHC+MS-PGothic,6.0593000000000075
"14,930",185.8796729,202.90055106,393.908702,28179.908702,399.968002,True,6.0593000000000075,17.020878159999995,ltr,HEHOHC+MS-PGothic,6.0593000000000075
100%,213.77831345,226.48008901999998,393.908702,28179.908702,399.968002,True,6.0593000000000075,12.701775569999967,ltr,HEHOHC+MS-PGothic,6.0593000000000075
100%,237.41808400000002,250.11985957,393.908702,28179.908702,399.968002,True,6.0593000000000075,12.701775569999967,ltr,HEHOHC+MS-PGothic,6.0593000000000075
"14,915",262.1377823,279.09903628000006,393.908702,28179.908702,399.968002,True,6.0593000000000075,16.961253980000038,ltr,HEHOHC+MS-PGothic,6.0593000000000075
"14,884",291.11695901,308.07821299,393.908702,28179.908702,399.968002,True,6.0593000000000075,16.96125397999998,ltr,HEHOHC+MS-PGothic,6.0593000000000075
"14,789",320.09613572,337.11701388,393.908702,28179.908702,399.968002,True,6.0593000000000075,17.020878159999995,ltr,HEHOHC+MS-PGothic,6.0593000000000075
100%,347.99477627,360.69655184,393.908702,28179.908702,399.968002,True,6.0593000000000075,12.701775569999995,ltr,HEHOHC+MS-PGothic,6.0593000000000075
9,384.17448533,386.89300000000003,393.908702,28179.908702,399.968002,True,6.0593000000000075,2.7185146700000473,ltr,HEHOHC+MS-PGothic,6.0593000000000075
栃木,47.76,58.46834748,403.521882,28189.521882,408.86818200000005,True,5.346300000000042,10.70834748,ltr,HEHOHC+MS-PGothic,5.346300000000042
とちぎの星,64.55987096,88.8873124,403.521882,28189.521882,408.86818200000005,True,5.346300000000042,24.32744144,ltr,HEHOHC+MS-PGothic,5.346300000000042
"15,205",120.36,139.18116335,403.14870199999996,28189.148702,409.20800199999996,True,6.0593000000000075,18.821163349999992,ltr,HEHOHC+MS-PGothic,6.0593000000000075
"3,741",153.65888771,168.88008908999998,403.14870199999996,28189.148702,409.20800199999996,True,6.0593000000000075,15.221201379999997,ltr,HEHOHC+MS-PGothic,6.0593000000000075
-,199.85971788,202.90176788,403.14870199999996,28189.148702,409.20800199999996,True,6.0593000000000075,3.042049999999989,ltr,HEHOHC+MS-PGothic,6.0593000000000075
-,223.43986425,226.48191425,403.14870199999996,28189.148702,409.20800199999996,True,6.0593000000000075,3.042049999999989,ltr,HEHOHC+MS-PGothic,6.0593000000000075
-,247.0796348,250.1216848,403.14870199999996,28189.148702,409.20800199999996,True,6.0593000000000075,3.042049999999989,ltr,HEHOHC+MS-PGothic,6.0593000000000075
-,276.05941992,279.10146992,403.14870199999996,28189.148702,409.20800199999996,True,6.0593000000000075,3.0420500000000175,ltr,HEHOHC+MS-PGothic,6.0593000000000075
"15,042",291.11939265,308.08064663000005,403.14870199999996,28189.148702,409.20800199999996,True,6.0593000000000075,16.961253980000038,ltr,HEHOHC+MS-PGothic,6.0593000000000075
-,334.07861434,337.12066434,403.14870199999996,28189.148702,409.20800199999996,True,6.0593000000000075,3.0420500000000175,ltr,HEHOHC+MS-PGothic,6.0593000000000075
-,357.65876071,360.70081071000004,403.14870199999996,28189.148702,409.20800199999996,True,6.0593000000000075,3.0420500000000175,ltr,HEHOHC+MS-PGothic,6.0593000000000075
群馬,47.76,58.46834748,412.76188199999996,28198.761882,418.108182,True,5.346300000000042,10.70834748,ltr,HEHOHC+MS-PGothic,5.346300000000042
あさひの夢,64.55987096,89.24806887999999,412.76188199999996,28198.761882,418.108182,True,5.346300000000042,24.688197919999993,ltr,HEHOHC+MS-PGothic,5.346300000000042
"15,160",120.36,139.18116335,412.38870199999997,28198.388702,418.448002,True,6.0593000000000075,18.821163349999992,ltr,HEHOHC+MS-PGothic,6.0593000000000075
"1,110",153.65888771,168.88008908999998,412.38870199999997,28198.388702,418.448002,True,6.0593000000000075,15.221201379999997,ltr,HEHOHC+MS-PGothic,6.0593000000000075
"15,412",185.8796729,202.90055106,412.38870199999997,28198.388702,418.448002,True,6.0593000000000075,17.020878159999995,ltr,HEHOHC+MS-PGothic,6.0593000000000075
98%,217.01870511,226.48069743,412.38870199999997,28198.388702,418.448002,True,6.0593000000000075,9.461992319999979,ltr,HEHOHC+MS-PGothic,6.0593000000000075
100%,237.41869241,250.12046798,412.38870199999997,28198.388702,418.448002,True,6.0593000000000075,12.701775569999995,ltr,HEHOHC+MS-PGothic,6.0593000000000075
"15,222",262.13839071,279.09964469000005,412.38870199999997,28198.388702,418.448002,True,6.0593000000000075,16.961253980000038,ltr,HEHOHC+MS-PGothic,6.0593000000000075
"14,936",291.11756742,308.07882140000004,412.38870199999997,28198.388702,418.448002,True,6.0593000000000075,16.961253980000038,ltr,HEHOHC+MS-PGothic,6.0593000000000075
"15,087",320.09674413,337.11762229,412.38870199999997,28198.388702,418.448002,True,6.0593000000000075,17.020878159999995,ltr,HEHOHC+MS-PGothic,6.0593000000000075
99%,351.23577634,360.69776865999995,412.38870199999997,28198.388702,418.448002,True,6.0593000000000075,9.461992319999979,ltr,HEHOHC+MS-PGothic,6.0593000000000075
"2,9",379.85538274,386.89300000000003,412.38870199999997,28198.388702,418.448002,True,6.0593000000000075,7.037617260000047,ltr,HEHOHC+MS-PGothic,6.0593000000000075
群馬,47.76,58.46834748,422.06188199999997,28208.061882,427.408182,True,5.346300000000042,10.70834748,ltr,HEHOHC+MS-PGothic,5.346300000000042
ゆめまつり,64.55987096,88.24149388,422.06188199999997,28208.061882,427.408182,True,5.346300000000042,23.681622919999995,ltr,HEHOHC+MS-PGothic,5.346300000000042
-,136.14,139.18204999999998,421.688702,28207.688702,427.748002,True,6.0593000000000075,3.042049999999989,ltr,HEHOHC+MS-PGothic,6.0593000000000075
-,165.84014255999998,168.88219255999996,421.688702,28207.688702,427.748002,True,6.0593000000000075,3.042049999999989,ltr,HEHOHC+MS-PGothic,6.0593000000000075
-,199.85999612,202.90204612,421.688702,28207.688702,427.748002,True,6.0593000000000075,3.042049999999989,ltr,HEHOHC+MS-PGothic,6.0593000000000075
-,223.44014249,226.48219249,421.688702,28207.688702,427.748002,True,6.0593000000000075,3.042049999999989,ltr,HEHOHC+MS-PGothic,6.0593000000000075
-,247.07991304,250.12196304,421.688702,28207.688702,427.748002,True,6.0593000000000075,3.042049999999989,ltr,HEHOHC+MS-PGothic,6.0593000000000075
"15,172",262.13988577,279.10113975,421.688702,28207.688702,427.748002,True,6.0593000000000075,16.961253980000038,ltr,HEHOHC+MS-PGothic,6.0593000000000075
"14,876",291.11906248,308.08031646,421.688702,28207.688702,427.748002,True,6.0593000000000075,16.96125397999998,ltr,HEHOHC+MS-PGothic,6.0593000000000075
"14,916",320.09823918999996,337.11911735,421.688702,28207.688702,427.748002,True,6.0593000000000075,17.020878160000052,ltr,HEHOHC+MS-PGothic,6.0593000000000075
100%,347.99687973999994,360.69865530999994,421.688702,28207.688702,427.748002,True,6.0593000000000075,12.701775569999995,ltr,HEHOHC+MS-PGothic,6.0593000000000075
埼玉,47.76,58.46834748,431.301882,28217.301882,436.648182,True,5.346300000000042,10.70834748,ltr,HEHOHC+MS-PGothic,5.346300000000042
彩のかがやき,64.55987096,95.91079012,431.301882,28217.301882,436.648182,True,5.346300000000042,31.350919160000004,ltr,HEHOHC+MS-PGothic,5.346300000000042
"14,983",120.36,139.18116335,430.928702,28216.928702,436.988002,True,6.0593000000000075,18.821163349999992,ltr,HEHOHC+MS-PGothic,6.0593000000000075
"2,016",153.65888771,168.88008908999998,430.928702,28216.928702,436.988002,True,6.0593000000000075,15.221201379999997,ltr,HEHOHC+MS-PGothic,6.0593000000000075
"14,999",185.8796729,202.90055106,430.928702,28216.928702,436.988002,True,6.0593000000000075,17.020878159999995,ltr,HEHOHC+MS-PGothic,6.0593000000000075
100%,213.77831345,226.48008901999998,430.928702,28216.928702,436.988002,True,6.0593000000000075,12.701775569999967,ltr,HEHOHC+MS-PGothic,6.0593000000000075
98%,240.65786725,250.11985957,430.928702,28216.928702,436.988002,True,6.0593000000000075,9.461992319999979,ltr,HEHOHC+MS-PGothic,6.0593000000000075
"15,230",262.1377823,279.09903628000006,430.928702,28216.928702,436.988002,True,6.0593000000000075,16.961253980000038,ltr,HEHOHC+MS-PGothic,6.0593000000000075
"14,945",291.11695901,308.07821299,430.928702,28216.928702,436.988002,True,6.0593000000000075,16.96125397999998,ltr,HEHOHC+MS-PGothic,6.0593000000000075
"15,169",320.09613572,337.11701387999994,430.928702,28216.928702,436.988002,True,6.0593000000000075,17.02087815999994,ltr,HEHOHC+MS-PGothic,6.0593000000000075
98%,351.23516793,360.69716024999997,430.928702,28216.928702,436.988002,True,6.0593000000000075,9.461992319999979,ltr,HEHOHC+MS-PGothic,6.0593000000000075
4,384.17509373999997,386.89300000000003,430.928702,28216.928702,436.988002,True,6.0593000000000075,2.7179062600000634,ltr,HEHOHC+MS-PGothic,6.0593000000000075
埼玉,47.76,58.47371588,440.601882,28226.601882,445.94818200000003,True,5.346300000000042,10.713715880000002,ltr,HEHOHC+MS-PGothic,5.346300000000042
コシヒカリ,64.56523935999999,85.72371428000001,440.601882,28226.601882,445.94818200000003,True,5.346300000000042,21.158474920000018,ltr,HEHOHC+MS-PGothic,5.346300000000042
"15,337",120.36,139.18116335,440.228702,28226.228702,446.288002,True,6.0593000000000075,18.821163349999992,ltr,HEHOHC+MS-PGothic,6.0593000000000075
"1,181",153.65888771,168.88008908999998,440.228702,28226.228702,446.288002,True,6.0593000000000075,15.221201379999997,ltr,HEHOHC+MS-PGothic,6.0593000000000075
"15,362",185.8796729,202.90055106,440.228702,28226.228702,446.288002,True,6.0593000000000075,17.020878159999995,ltr,HEHOHC+MS-PGothic,6.0593000000000075
100%,213.77831345,226.48008901999998,440.228702,28226.228702,446.288002,True,6.0593000000000075,12.701775569999967,ltr,HEHOHC+MS-PGothic,6.0593000000000075
99%,240.65786725,250.11985957,440.228702,28226.228702,446.288002,True,6.0593000000000075,9.461992319999979,ltr,HEHOHC+MS-PGothic,6.0593000000000075
"15,477",262.1377823,279.09903628000006,440.228702,28226.228702,446.288002,True,6.0593000000000075,16.961253980000038,ltr,HEHOHC+MS-PGothic,6.0593000000000075
"15,260",291.11695901,308.07821299,440.228702,28226.228702,446.288002,True,6.0593000000000075,16.96125397999998,ltr,HEHOHC+MS-PGothic,6.0593000000000075
"15,480",320.09613572,337.11701387999994,440.228702,28226.228702,446.288002,True,6.0593000000000075,17.02087815999994,ltr,HEHOHC+MS-PGothic,6.0593000000000075
98%,351.23516793,360.69716024999997,440.228702,28226.228702,446.288002,True,6.0593000000000075,9.461992319999979,ltr,HEHOHC+MS-PGothic,6.0593000000000075
2,384.17509373999997,386.89300000000003,440.228702,28226.228702,446.288002,True,6.0593000000000075,2.7179062600000634,ltr,HEHOHC+MS-PGothic,6.0593000000000075
埼玉,47.76,58.46834748,449.841882,28235.841882,455.18818200000004,True,5.346300000000042,10.70834748,ltr,HEHOHC+MS-PGothic,5.346300000000042
彩のきずな,64.55987096,89.80101408,449.841882,28235.841882,455.18818200000004,True,5.346300000000042,25.241143120000004,ltr,HEHOHC+MS-PGothic,5.346300000000042
"14,943",120.36,139.18116335,449.468702,28235.468702,455.528002,True,6.0593000000000075,18.821163349999992,ltr,HEHOHC+MS-PGothic,6.0593000000000075
"1,537",153.65888771,168.88008908999998,449.468702,28235.468702,455.528002,True,6.0593000000000075,15.221201379999997,ltr,HEHOHC+MS-PGothic,6.0593000000000075
"14,919",185.8796729,202.90055106,449.468702,28235.468702,455.528002,True,6.0593000000000075,17.020878159999995,ltr,HEHOHC+MS-PGothic,6.0593000000000075
100%,213.77831345,226.48008901999998,449.468702,28235.468702,455.528002,True,6.0593000000000075,12.701775569999967,ltr,HEHOHC+MS-PGothic,6.0593000000000075
98%,240.65786725,250.11985957,449.468702,28235.468702,455.528002,True,6.0593000000000075,9.461992319999979,ltr,HEHOHC+MS-PGothic,6.0593000000000075
"15,303",262.1377823,279.09903628000006,449.468702,28235.468702,455.528002,True,6.0593000000000075,16.961253980000038,ltr,HEHOHC+MS-PGothic,6.0593000000000075
"14,919",291.11695901,308.07821299,449.468702,28235.468702,455.528002,True,6.0593000000000075,16.96125397999998,ltr,HEHOHC+MS-PGothic,6.0593000000000075
"15,170",320.09613572,337.11701387999994,449.468702,28235.468702,455.528002,True,6.0593000000000075,17.02087815999994,ltr,HEHOHC+MS-PGothic,6.0593000000000075
98%,351.23516793,360.69716024999997,449.468702,28235.468702,455.528002,True,6.0593000000000075,9.461992319999979,ltr,HEHOHC+MS-PGothic,6.0593000000000075
2,384.17509373999997,386.89300000000003,449.468702,28235.468702,455.528002,True,6.0593000000000075,2.7179062600000634,ltr,HEHOHC+MS-PGothic,6.0593000000000075
千葉,47.76,58.47371588,459.141882,28245.141882,464.48818200000005,True,5.346300000000042,10.713715880000002,ltr,HEHOHC+MS-PGothic,5.346300000000042
コシヒカリ,64.56523935999999,85.72371428000001,459.141882,28245.141882,464.48818200000005,True,5.346300000000042,21.158474920000018,ltr,HEHOHC+MS-PGothic,5.346300000000042
"15,828",120.36,139.18116335,458.76870199999996,28244.768702,464.82800199999997,True,6.0593000000000075,18.821163349999992,ltr,HEHOHC+MS-PGothic,6.0593000000000075
"2,304",153.65888771,168.88008908999998,458.76870199999996,28244.768702,464.82800199999997,True,6.0593000000000075,15.221201379999997,ltr,HEHOHC+MS-PGothic,6.0593000000000075
"15,912",185.8796729,202.90055106,458.76870199999996,28244.768702,464.82800199999997,True,6.0593000000000075,17.020878159999995,ltr,HEHOHC+MS-PGothic,6.0593000000000075
99%,217.01870511,226.48069743,458.76870199999996,28244.768702,464.82800199999997,True,6.0593000000000075,9.461992319999979,ltr,HEHOHC+MS-PGothic,6.0593000000000075
103%,237.41869241,250.12046798,458.76870199999996,28244.768702,464.82800199999997,True,6.0593000000000075,12.701775569999995,ltr,HEHOHC+MS-PGothic,6.0593000000000075
"15,358",262.13839071,279.09964469000005,458.76870199999996,28244.768702,464.82800199999997,True,6.0593000000000075,16.961253980000038,ltr,HEHOHC+MS-PGothic,6.0593000000000075
"15,779",291.11756742,308.07882140000004,458.76870199999996,28244.768702,464.82800199999997,True,6.0593000000000075,16.961253980000038,ltr,HEHOHC+MS-PGothic,6.0593000000000075
"15,517",320.09674413,337.11762229,458.76870199999996,28244.768702,464.82800199999997,True,6.0593000000000075,17.020878159999995,ltr,HEHOHC+MS-PGothic,6.0593000000000075
102%,347.99538468,360.69716024999997,458.76870199999996,28244.768702,464.82800199999997,True,6.0593000000000075,12.701775569999995,ltr,HEHOHC+MS-PGothic,6.0593000000000075
"1,4",379.85477432999994,386.89300000000003,458.76870199999996,28244.768702,464.82800199999997,True,6.0593000000000075,7.038225670000088,ltr,HEHOHC+MS-PGothic,6.0593000000000075
千葉,47.76,58.46834748,468.38188199999996,28254.381882,473.728182,True,5.346300000000042,10.70834748,ltr,HEHOHC+MS-PGothic,5.346300000000042
ふさこがね,64.55987096,88.89053344,468.38188199999996,28254.381882,473.728182,True,5.346300000000042,24.33066248,ltr,HEHOHC+MS-PGothic,5.346300000000042
"14,765",120.36,139.18116335,468.00870199999997,28254.008702,474.068002,True,6.0593000000000075,18.821163349999992,ltr,HEHOHC+MS-PGothic,6.0593000000000075
"2,696",153.65888771,168.88008908999998,468.00870199999997,28254.008702,474.068002,True,6.0593000000000075,15.221201379999997,ltr,HEHOHC+MS-PGothic,6.0593000000000075
"14,716",185.8796729,202.90055106,468.00870199999997,28254.008702,474.068002,True,6.0593000000000075,17.020878159999995,ltr,HEHOHC+MS-PGothic,6.0593000000000075
100%,213.77831345,226.48008901999998,468.00870199999997,28254.008702,474.068002,True,6.0593000000000075,12.701775569999967,ltr,HEHOHC+MS-PGothic,6.0593000000000075
101%,237.41808400000002,250.11985957,468.00870199999997,28254.008702,474.068002,True,6.0593000000000075,12.701775569999967,ltr,HEHOHC+MS-PGothic,6.0593000000000075
"14,661",262.1377823,279.09903628000006,468.00870199999997,28254.008702,474.068002,True,6.0593000000000075,16.961253980000038,ltr,HEHOHC+MS-PGothic,6.0593000000000075
"14,753",291.11695901,308.07821299,468.00870199999997,28254.008702,474.068002,True,6.0593000000000075,16.96125397999998,ltr,HEHOHC+MS-PGothic,6.0593000000000075
"14,638",320.09613572,337.11701388,468.00870199999997,28254.008702,474.068002,True,6.0593000000000075,17.020878159999995,ltr,HEHOHC+MS-PGothic,6.0593000000000075
101%,347.99477627,360.69655184,468.00870199999997,28254.008702,474.068002,True,6.0593000000000075,12.701775569999995,ltr,HEHOHC+MS-PGothic,6.0593000000000075
"1,5",379.85416592,386.89300000000003,468.00870199999997,28254.008702,474.068002,True,6.0593000000000075,7.038834080000015,ltr,HEHOHC+MS-PGothic,6.0593000000000075
千葉,47.76,58.46834748,477.681882,28263.681882,483.028182,True,5.346300000000042,10.70834748,ltr,HEHOHC+MS-PGothic,5.346300000000042
ふさおとめ,64.55987096,88.06272616,477.681882,28263.681882,483.028182,True,5.346300000000042,23.5028552,ltr,HEHOHC+MS-PGothic,5.346300000000042
"14,899",120.36,139.18116335,477.308702,28263.308702,483.368002,True,6.0593000000000075,18.821163349999992,ltr,HEHOHC+MS-PGothic,6.0593000000000075
"2,091",153.65888771,168.88008908999998,477.308702,28263.308702,483.368002,True,6.0593000000000075,15.221201379999997,ltr,HEHOHC+MS-PGothic,6.0593000000000075
"14,734",185.8796729,202.90055106,477.308702,28263.308702,483.368002,True,6.0593000000000075,17.020878159999995,ltr,HEHOHC+MS-PGothic,6.0593000000000075
101%,213.77831345,226.48008901999998,477.308702,28263.308702,483.368002,True,6.0593000000000075,12.701775569999967,ltr,HEHOHC+MS-PGothic,6.0593000000000075
102%,237.41808400000002,250.11985957,477.308702,28263.308702,483.368002,True,6.0593000000000075,12.701775569999967,ltr,HEHOHC+MS-PGothic,6.0593000000000075
"14,640",262.1377823,279.09903628000006,477.308702,28263.308702,483.368002,True,6.0593000000000075,16.961253980000038,ltr,HEHOHC+MS-PGothic,6.0593000000000075
"14,888",291.11695901,308.07821299,477.308702,28263.308702,483.368002,True,6.0593000000000075,16.96125397999998,ltr,HEHOHC+MS-PGothic,6.0593000000000075
"14,764",320.09613572,337.11701388,477.308702,28263.308702,483.368002,True,6.0593000000000075,17.020878159999995,ltr,HEHOHC+MS-PGothic,6.0593000000000075
101%,347.99477627,360.69655184,477.308702,28263.308702,483.368002,True,6.0593000000000075,12.701775569999995,ltr,HEHOHC+MS-PGothic,6.0593000000000075
"2,2",379.85416592,386.89300000000003,477.308702,28263.308702,483.368002,True,6.0593000000000075,7.038834080000015,ltr,HEHOHC+MS-PGothic,6.0593000000000075
山梨,47.76,58.47371588,486.921882,28272.921882,492.268182,True,5.346300000000042,10.713715880000002,ltr,HEHOHC+MS-PGothic,5.346300000000042
コシヒカリ,64.56523935999999,85.72371428000001,486.921882,28272.921882,492.268182,True,5.346300000000042,21.158474920000018,ltr,HEHOHC+MS-PGothic,5.346300000000042
"18,452",120.36,139.18116335,486.54860199999996,28272.548602,492.60790199999997,True,6.0593000000000075,18.821163349999992,ltr,HEHOHC+MS-PGothic,6.0593000000000075
419,158.69895615000001,168.8806975,486.54860199999996,28272.548602,492.60790199999997,True,6.0593000000000075,10.181741349999982,ltr,HEHOHC+MS-PGothic,6.0593000000000075
"18,240",185.8796729,202.90055106,486.54860199999996,28272.548602,492.60790199999997,True,6.0593000000000075,17.020878159999995,ltr,HEHOHC+MS-PGothic,6.0593000000000075
101%,213.77831345,226.48008901999998,486.54860199999996,28272.548602,492.60790199999997,True,6.0593000000000075,12.701775569999967,ltr,HEHOHC+MS-PGothic,6.0593000000000075
101%,237.41808400000002,250.11985957,486.54860199999996,28272.548602,492.60790199999997,True,6.0593000000000075,12.701775569999967,ltr,HEHOHC+MS-PGothic,6.0593000000000075
"18,187",262.1377823,279.09903628000006,486.54860199999996,28272.548602,492.60790199999997,True,6.0593000000000075,16.961253980000038,ltr,HEHOHC+MS-PGothic,6.0593000000000075
"18,364",291.11695901,308.07821299,486.54860199999996,28272.548602,492.60790199999997,True,6.0593000000000075,16.96125397999998,ltr,HEHOHC+MS-PGothic,6.0593000000000075
"18,038",320.09613572,337.11701388,486.54860199999996,28272.548602,492.60790199999997,True,6.0593000000000075,17.020878159999995,ltr,HEHOHC+MS-PGothic,6.0593000000000075
102%,347.99477627,360.69655184,486.54860199999996,28272.548602,492.60790199999997,True,6.0593000000000075,12.701775569999995,ltr,HEHOHC+MS-PGothic,6.0593000000000075
3,384.17448533,386.89300000000003,486.54860199999996,28272.548602,492.60790199999997,True,6.0593000000000075,2.7185146700000473,ltr,HEHOHC+MS-PGothic,6.0593000000000075
長野,47.76,58.47371588,496.16178199999996,28282.161782,501.508082,True,5.346300000000042,10.713715880000002,ltr,HEHOHC+MS-PGothic,5.346300000000042
コシヒカリ,64.56523935999999,85.72371428000001,496.16178199999996,28282.161782,501.508082,True,5.346300000000042,21.158474920000018,ltr,HEHOHC+MS-PGothic,5.346300000000042
"16,040",120.36,139.18116335,495.848702,28281.848702,501.908002,True,6.0593000000000075,18.821163349999992,ltr,HEHOHC+MS-PGothic,6.0593000000000075
"9,612",153.65888771,168.88008908999998,495.848702,28281.848702,501.908002,True,6.0593000000000075,15.221201379999997,ltr,HEHOHC+MS-PGothic,6.0593000000000075
"16,050",185.8796729,202.90055106,495.848702,28281.848702,501.908002,True,6.0593000000000075,17.020878159999995,ltr,HEHOHC+MS-PGothic,6.0593000000000075
100%,213.77831345,226.48008901999998,495.848702,28281.848702,501.908002,True,6.0593000000000075,12.701775569999967,ltr,HEHOHC+MS-PGothic,6.0593000000000075
98%,240.65786725,250.11985957,495.848702,28281.848702,501.908002,True,6.0593000000000075,9.461992319999979,ltr,HEHOHC+MS-PGothic,6.0593000000000075
"16,405",262.1377823,279.09903628000006,495.848702,28281.848702,501.908002,True,6.0593000000000075,16.961253980000038,ltr,HEHOHC+MS-PGothic,6.0593000000000075
"16,036",291.11695901,308.07821299,495.848702,28281.848702,501.908002,True,6.0593000000000075,16.96125397999998,ltr,HEHOHC+MS-PGothic,6.0593000000000075
"16,087",320.09613572,337.11701387999994,495.848702,28281.848702,501.908002,True,6.0593000000000075,17.02087815999994,ltr,HEHOHC+MS-PGothic,6.0593000000000075
100%,347.99477627,360.69655184,495.848702,28281.848702,501.908002,True,6.0593000000000075,12.701775569999995,ltr,HEHOHC+MS-PGothic,6.0593000000000075
"5,4",379.8541659199999,386.89300000000003,495.848702,28281.848702,501.908002,True,6.0593000000000075,7.038834080000129,ltr,HEHOHC+MS-PGothic,6.0593000000000075
長野,47.76,58.46834748,505.461882,28291.461882,510.80818200000004,True,5.346300000000042,10.70834748,ltr,HEHOHC+MS-PGothic,5.346300000000042
あきたこまち,64.55987096,92.83469692,505.461882,28291.461882,510.80818200000004,True,5.346300000000042,28.27482596,ltr,HEHOHC+MS-PGothic,5.346300000000042
"15,307",120.36,139.18116335,505.08870199999996,28291.088702,511.14800199999996,True,6.0593000000000075,18.821163349999992,ltr,HEHOHC+MS-PGothic,6.0593000000000075
"2,167",153.65888771,168.88008908999998,505.08870199999996,28291.088702,511.14800199999996,True,6.0593000000000075,15.221201379999997,ltr,HEHOHC+MS-PGothic,6.0593000000000075
"15,324",185.8796729,202.90055106,505.08870199999996,28291.088702,511.14800199999996,True,6.0593000000000075,17.020878159999995,ltr,HEHOHC+MS-PGothic,6.0593000000000075
100%,213.77831345,226.48008901999998,505.08870199999996,28291.088702,511.14800199999996,True,6.0593000000000075,12.701775569999967,ltr,HEHOHC+MS-PGothic,6.0593000000000075
99%,240.65786725,250.11985957,505.08870199999996,28291.088702,511.14800199999996,True,6.0593000000000075,9.461992319999979,ltr,HEHOHC+MS-PGothic,6.0593000000000075
"15,455",262.1377823,279.09903628000006,505.08870199999996,28291.088702,511.14800199999996,True,6.0593000000000075,16.961253980000038,ltr,HEHOHC+MS-PGothic,6.0593000000000075
"15,322",291.11695901,308.07821299,505.08870199999996,28291.088702,511.14800199999996,True,6.0593000000000075,16.96125397999998,ltr,HEHOHC+MS-PGothic,6.0593000000000075
"15,264",320.09613572,337.11701387999994,505.08870199999996,28291.088702,511.14800199999996,True,6.0593000000000075,17.02087815999994,ltr,HEHOHC+MS-PGothic,6.0593000000000075
100%,347.99477627,360.69655184,505.08870199999996,28291.088702,511.14800199999996,True,6.0593000000000075,12.701775569999995,ltr,HEHOHC+MS-PGothic,6.0593000000000075
"1,7",379.8541659199999,386.89300000000003,505.08870199999996,28291.088702,511.14800199999996,True,6.0593000000000075,7.038834080000129,ltr,HEHOHC+MS-PGothic,6.0593000000000075
静岡,47.76,58.47371588,514.701882,28300.701882,520.048182,True,5.346300000000042,10.713715880000002,ltr,HEHOHC+MS-PGothic,5.346300000000042
コシヒカリ,64.56523935999999,85.72371428000001,514.701882,28300.701882,520.048182,True,5.346300000000042,21.158474920000018,ltr,HEHOHC+MS-PGothic,5.346300000000042
"16,246",120.36,139.18116335,514.328602,28300.328602,520.3879019999999,True,6.059299999999894,18.821163349999992,ltr,HEHOHC+MS-PGothic,6.0593000000000075
169,158.69895615000001,168.8806975,514.328602,28300.328602,520.3879019999999,True,6.059299999999894,10.181741349999982,ltr,HEHOHC+MS-PGothic,6.0593000000000075
"16,253",185.8796729,202.90055106,514.328602,28300.328602,520.3879019999999,True,6.059299999999894,17.020878159999995,ltr,HEHOHC+MS-PGothic,6.0593000000000075
100%,213.77831345,226.48008901999998,514.328602,28300.328602,520.3879019999999,True,6.059299999999894,12.701775569999967,ltr,HEHOHC+MS-PGothic,6.0593000000000075
102%,237.41808400000002,250.11985957,514.328602,28300.328602,520.3879019999999,True,6.059299999999894,12.701775569999967,ltr,HEHOHC+MS-PGothic,6.0593000000000075
"15,887",262.1377823,279.09903628000006,514.328602,28300.328602,520.3879019999999,True,6.059299999999894,16.961253980000038,ltr,HEHOHC+MS-PGothic,6.0593000000000075
"16,148",291.11695901,308.07821299,514.328602,28300.328602,520.3879019999999,True,6.059299999999894,16.96125397999998,ltr,HEHOHC+MS-PGothic,6.0593000000000075
"15,971",320.09613572,337.11701388,514.328602,28300.328602,520.3879019999999,True,6.059299999999894,17.020878159999995,ltr,HEHOHC+MS-PGothic,6.0593000000000075
101%,347.99477627,360.69655184,514.328602,28300.328602,520.3879019999999,True,6.059299999999894,12.701775569999995,ltr,HEHOHC+MS-PGothic,6.0593000000000075
1,384.17448533,386.89300000000003,514.328602,28300.328602,520.3879019999999,True,6.059299999999894,2.7185146700000473,ltr,HEHOHC+MS-PGothic,6.0593000000000075
静岡,47.76,58.46834748,524.001882,28310.001882,529.348182,True,5.346299999999928,10.70834748,ltr,HEHOHC+MS-PGothic,5.346300000000042
きぬむすめ,64.55987096,89.86006648,524.001882,28310.001882,529.348182,True,5.346299999999928,25.300195520000003,ltr,HEHOHC+MS-PGothic,5.346300000000042
-,136.14,139.18204999999998,523.628702,28309.628702,529.688002,True,6.0593000000000075,3.042049999999989,ltr,HEHOHC+MS-PGothic,6.0593000000000075
-,165.84014255999998,168.88219255999996,523.628702,28309.628702,529.688002,True,6.0593000000000075,3.042049999999989,ltr,HEHOHC+MS-PGothic,6.0593000000000075
-,199.85999612,202.90204612,523.628702,28309.628702,529.688002,True,6.0593000000000075,3.042049999999989,ltr,HEHOHC+MS-PGothic,6.0593000000000075
-,223.44014249,226.48219249,523.628702,28309.628702,529.688002,True,6.0593000000000075,3.042049999999989,ltr,HEHOHC+MS-PGothic,6.0593000000000075
-,247.07991304,250.12196304,523.628702,28309.628702,529.688002,True,6.0593000000000075,3.042049999999989,ltr,HEHOHC+MS-PGothic,6.0593000000000075
-,276.05969816,279.10174816,523.628702,28309.628702,529.688002,True,6.0593000000000075,3.0420500000000175,ltr,HEHOHC+MS-PGothic,6.0593000000000075
"15,117",291.11967089,308.08092487,523.628702,28309.628702,529.688002,True,6.0593000000000075,16.96125397999998,ltr,HEHOHC+MS-PGothic,6.0593000000000075
"14,951",320.09884759999994,337.11972575999994,523.628702,28309.628702,529.688002,True,6.0593000000000075,17.020878159999995,ltr,HEHOHC+MS-PGothic,6.0593000000000075
101%,347.9974881499999,360.69926372,523.628702,28309.628702,529.688002,True,6.0593000000000075,12.701775570000052,ltr,HEHOHC+MS-PGothic,6.0593000000000075
静岡,47.76,58.47210536,533.241882,28319.241882,538.588182,True,5.346299999999928,10.712105360000002,ltr,HEHOHC+MS-PGothic,5.346300000000042
あいちのかおり,64.56362884,98.98473596000001,533.241882,28319.241882,538.588182,True,5.346299999999928,34.42110712,ltr,HEHOHC+MS-PGothic,5.346300000000042
-,136.14,139.18204999999998,532.868702,28318.868702,538.928002,True,6.0593000000000075,3.042049999999989,ltr,HEHOHC+MS-PGothic,6.0593000000000075
-,165.84014255999998,168.88219255999996,532.868702,28318.868702,538.928002,True,6.0593000000000075,3.042049999999989,ltr,HEHOHC+MS-PGothic,6.0593000000000075
-,199.85999612,202.90204612,532.868702,28318.868702,538.928002,True,6.0593000000000075,3.042049999999989,ltr,HEHOHC+MS-PGothic,6.0593000000000075
-,223.44014249,226.48219249,532.868702,28318.868702,538.928002,True,6.0593000000000075,3.042049999999989,ltr,HEHOHC+MS-PGothic,6.0593000000000075
-,247.07991304,250.12196304,532.868702,28318.868702,538.928002,True,6.0593000000000075,3.042049999999989,ltr,HEHOHC+MS-PGothic,6.0593000000000075
-,276.05969816,279.10174816,532.868702,28318.868702,538.928002,True,6.0593000000000075,3.0420500000000175,ltr,HEHOHC+MS-PGothic,6.0593000000000075
"15,229",291.11967089,308.08092487,532.868702,28318.868702,538.928002,True,6.0593000000000075,16.96125397999998,ltr,HEHOHC+MS-PGothic,6.0593000000000075
"14,936",320.09884759999994,337.11972575999994,532.868702,28318.868702,538.928002,True,6.0593000000000075,17.020878159999995,ltr,HEHOHC+MS-PGothic,6.0593000000000075
102%,347.9974881499999,360.69926372,532.868702,28318.868702,538.928002,True,6.0593000000000075,12.701775570000052,ltr,HEHOHC+MS-PGothic,6.0593000000000075
新潟,47.76,58.4672738,542.541782,28328.541782,547.8880819999999,True,5.346299999999928,10.707273800000003,ltr,HEHOHC+MS-PGothic,5.346300000000042
コシヒカリ（一般）,64.55879728,101.92339812000002,542.541782,28328.541782,547.8880819999999,True,5.346299999999928,37.36460084000002,ltr,HEHOHC+MS-PGothic,5.346300000000042
"17,294",120.36,139.18116335,542.168602,28328.168602,548.227902,True,6.0593000000000075,18.821163349999992,ltr,HEHOHC+MS-PGothic,6.0593000000000075
"12,521",150.11915833,168.88008909,542.168602,28328.168602,548.227902,True,6.0593000000000075,18.760930760000008,ltr,HEHOHC+MS-PGothic,6.0593000000000075
"17,239",185.8796729,202.90055106,542.168602,28328.168602,548.227902,True,6.0593000000000075,17.020878159999995,ltr,HEHOHC+MS-PGothic,6.0593000000000075
100%,213.77831345,226.48008901999998,542.168602,28328.168602,548.227902,True,6.0593000000000075,12.701775569999967,ltr,HEHOHC+MS-PGothic,6.0593000000000075
102%,237.41808400000002,250.11985957,542.168602,28328.168602,548.227902,True,6.0593000000000075,12.701775569999967,ltr,HEHOHC+MS-PGothic,6.0593000000000075
"17,027",262.1377823,279.09903628000006,542.168602,28328.168602,548.227902,True,6.0593000000000075,16.961253980000038,ltr,HEHOHC+MS-PGothic,6.0593000000000075
"17,355",291.11695901,308.07821299,542.168602,28328.168602,548.227902,True,6.0593000000000075,16.96125397999998,ltr,HEHOHC+MS-PGothic,6.0593000000000075
"17,042",320.09613572,337.11701388,542.168602,28328.168602,548.227902,True,6.0593000000000075,17.020878159999995,ltr,HEHOHC+MS-PGothic,6.0593000000000075
102%,347.99477627,360.69655184,542.168602,28328.168602,548.227902,True,6.0593000000000075,12.701775569999995,ltr,HEHOHC+MS-PGothic,6.0593000000000075
"16,2",376.61438266999994,386.89300000000003,542.168602,28328.168602,548.227902,True,6.0593000000000075,10.278617330000088,ltr,HEHOHC+MS-PGothic,6.0593000000000075
新潟,47.76,58.4672738,551.781782,28337.781782,557.128082,True,5.346299999999928,10.707273800000003,ltr,HEHOHC+MS-PGothic,5.346300000000042
コシヒカリ（魚沼）,64.55879728,101.92339812000002,551.781782,28337.781782,557.128082,True,5.346299999999928,37.36460084000002,ltr,HEHOHC+MS-PGothic,5.346300000000042
"20,694",120.36,139.18116335,551.408702,28337.408702,557.4680020000001,True,6.059300000000121,18.821163349999992,ltr,HEHOHC+MS-PGothic,6.0593000000000075
"1,766",153.65888771,168.88008908999998,551.408702,28337.408702,557.4680020000001,True,6.059300000000121,15.221201379999997,ltr,HEHOHC+MS-PGothic,6.0593000000000075
"20,973",185.8796729,202.90055106,551.408702,28337.408702,557.4680020000001,True,6.059300000000121,17.020878159999995,ltr,HEHOHC+MS-PGothic,6.0593000000000075
99%,217.01870511,226.48069743,551.408702,28337.408702,557.4680020000001,True,6.059300000000121,9.461992319999979,ltr,HEHOHC+MS-PGothic,6.0593000000000075
96%,240.65847566000002,250.12046798,551.408702,28337.408702,557.4680020000001,True,6.059300000000121,9.461992319999979,ltr,HEHOHC+MS-PGothic,6.0593000000000075
"21,462",262.13839071,279.09964469000005,551.408702,28337.408702,557.4680020000001,True,6.059300000000121,16.961253980000038,ltr,HEHOHC+MS-PGothic,6.0593000000000075
"20,908",291.11756742,308.07882140000004,551.408702,28337.408702,557.4680020000001,True,6.059300000000121,16.961253980000038,ltr,HEHOHC+MS-PGothic,6.0593000000000075
"21,147",320.09674413,337.11762229,551.408702,28337.408702,557.4680020000001,True,6.059300000000121,17.020878159999995,ltr,HEHOHC+MS-PGothic,6.0593000000000075
99%,351.23577634,360.69776865999995,551.408702,28337.408702,557.4680020000001,True,6.059300000000121,9.461992319999979,ltr,HEHOHC+MS-PGothic,6.0593000000000075
"1,5",379.85538274,386.89300000000003,551.408702,28337.408702,557.4680020000001,True,6.059300000000121,7.037617260000047,ltr,HEHOHC+MS-PGothic,6.0593000000000075
新潟,47.76,58.4672738,561.081882,28347.081882,566.4281820000001,True,5.346300000000156,10.707273800000003,ltr,HEHOHC+MS-PGothic,5.346300000000042
コシヒカリ（佐渡）,64.55879728,101.92339812000002,561.081882,28347.081882,566.4281820000001,True,5.346300000000156,37.36460084000002,ltr,HEHOHC+MS-PGothic,5.346300000000042
"18,137",120.36,139.18116335,560.7086019999999,28346.708602,566.767902,True,6.059300000000121,18.821163349999992,ltr,HEHOHC+MS-PGothic,6.0593000000000075
908,158.69895615000001,168.8806975,560.7086019999999,28346.708602,566.767902,True,6.059300000000121,10.181741349999982,ltr,HEHOHC+MS-PGothic,6.0593000000000075
"18,059",185.8796729,202.90055106,560.7086019999999,28346.708602,566.767902,True,6.059300000000121,17.020878159999995,ltr,HEHOHC+MS-PGothic,6.0593000000000075
100%,213.77831345,226.48008901999998,560.7086019999999,28346.708602,566.767902,True,6.059300000000121,12.701775569999967,ltr,HEHOHC+MS-PGothic,6.0593000000000075
104%,237.41808400000002,250.11985957,560.7086019999999,28346.708602,566.767902,True,6.059300000000121,12.701775569999967,ltr,HEHOHC+MS-PGothic,6.0593000000000075
"17,458",262.1377823,279.09903628000006,560.7086019999999,28346.708602,566.767902,True,6.059300000000121,16.961253980000038,ltr,HEHOHC+MS-PGothic,6.0593000000000075
"17,991",291.11695901,308.07821299,560.7086019999999,28346.708602,566.767902,True,6.059300000000121,16.96125397999998,ltr,HEHOHC+MS-PGothic,6.0593000000000075
"17,520",320.09613572,337.11701388,560.7086019999999,28346.708602,566.767902,True,6.059300000000121,17.020878159999995,ltr,HEHOHC+MS-PGothic,6.0593000000000075
103%,347.99477627,360.69655184,560.7086019999999,28346.708602,566.767902,True,6.059300000000121,12.701775569999995,ltr,HEHOHC+MS-PGothic,6.0593000000000075
"3,9",379.85416592,386.89300000000003,560.7086019999999,28346.708602,566.767902,True,6.059300000000121,7.038834080000015,ltr,HEHOHC+MS-PGothic,6.0593000000000075
新潟,47.76,58.4672738,570.321782,28356.321782,575.668082,True,5.346300000000042,10.707273800000003,ltr,HEHOHC+MS-PGothic,5.346300000000042
コシヒカリ（岩船）,64.55879728,101.92339812000002,570.321782,28356.321782,575.668082,True,5.346300000000042,37.36460084000002,ltr,HEHOHC+MS-PGothic,5.346300000000042
"18,079",120.36,139.18116335,569.9487019999999,28355.948702,576.008002,True,6.059300000000121,18.821163349999992,ltr,HEHOHC+MS-PGothic,6.0593000000000075
"2,122",153.65888771,168.88008908999998,569.9487019999999,28355.948702,576.008002,True,6.059300000000121,15.221201379999997,ltr,HEHOHC+MS-PGothic,6.0593000000000075
"17,968",185.8796729,202.90055106,569.9487019999999,28355.948702,576.008002,True,6.059300000000121,17.020878159999995,ltr,HEHOHC+MS-PGothic,6.0593000000000075
101%,213.77831345,226.48008901999998,569.9487019999999,28355.948702,576.008002,True,6.059300000000121,12.701775569999967,ltr,HEHOHC+MS-PGothic,6.0593000000000075
104%,237.41808400000002,250.11985957,569.9487019999999,28355.948702,576.008002,True,6.059300000000121,12.701775569999967,ltr,HEHOHC+MS-PGothic,6.0593000000000075
"17,445",262.1377823,279.09903628000006,569.9487019999999,28355.948702,576.008002,True,6.059300000000121,16.961253980000038,ltr,HEHOHC+MS-PGothic,6.0593000000000075
"17,980",291.11695901,308.07821299,569.9487019999999,28355.948702,576.008002,True,6.059300000000121,16.96125397999998,ltr,HEHOHC+MS-PGothic,6.0593000000000075
"17,460",320.09613572,337.11701388,569.9487019999999,28355.948702,576.008002,True,6.059300000000121,17.020878159999995,ltr,HEHOHC+MS-PGothic,6.0593000000000075
103%,347.99477627,360.69655184,569.9487019999999,28355.948702,576.008002,True,6.059300000000121,12.701775569999995,ltr,HEHOHC+MS-PGothic,6.0593000000000075
"2,6",379.85416592,386.89300000000003,569.9487019999999,28355.948702,576.008002,True,6.059300000000121,7.038834080000015,ltr,HEHOHC+MS-PGothic,6.0593000000000075
新潟,47.76,58.47103168,579.6218819999999,28365.621882,584.9681820000001,True,5.346300000000156,10.711031680000005,ltr,HEHOHC+MS-PGothic,5.346300000000042
こしいぶき,64.56255516,87.6982118,579.6218819999999,28365.621882,584.9681820000001,True,5.346300000000156,23.135656639999993,ltr,HEHOHC+MS-PGothic,5.346300000000042
"15,173",120.36,139.18116335,579.248702,28365.248702,585.308002,True,6.0593000000000075,18.821163349999992,ltr,HEHOHC+MS-PGothic,6.0593000000000075
"6,546",153.65888771,168.88008908999998,579.248702,28365.248702,585.308002,True,6.0593000000000075,15.221201379999997,ltr,HEHOHC+MS-PGothic,6.0593000000000075
"15,272",185.8796729,202.90055106,579.248702,28365.248702,585.308002,True,6.0593000000000075,17.020878159999995,ltr,HEHOHC+MS-PGothic,6.0593000000000075
99%,217.01870511,226.48069743,579.248702,28365.248702,585.308002,True,6.0593000000000075,9.461992319999979,ltr,HEHOHC+MS-PGothic,6.0593000000000075
100%,237.41869241,250.12046798,579.248702,28365.248702,585.308002,True,6.0593000000000075,12.701775569999995,ltr,HEHOHC+MS-PGothic,6.0593000000000075
"15,150",262.13839071,279.09964469000005,579.248702,28365.248702,585.308002,True,6.0593000000000075,16.961253980000038,ltr,HEHOHC+MS-PGothic,6.0593000000000075
"15,145",291.11756742,308.07882140000004,579.248702,28365.248702,585.308002,True,6.0593000000000075,16.961253980000038,ltr,HEHOHC+MS-PGothic,6.0593000000000075
"15,100",320.09674413,337.11762229,579.248702,28365.248702,585.308002,True,6.0593000000000075,17.020878159999995,ltr,HEHOHC+MS-PGothic,6.0593000000000075
100%,347.99538468,360.69716024999997,579.248702,28365.248702,585.308002,True,6.0593000000000075,12.701775569999995,ltr,HEHOHC+MS-PGothic,6.0593000000000075
"6,2",379.85477432999994,386.89300000000003,579.248702,28365.248702,585.308002,True,6.0593000000000075,7.038225670000088,ltr,HEHOHC+MS-PGothic,6.0593000000000075
富山,47.76,58.47371588,588.861882,28374.861882,594.208182,True,5.346299999999928,10.713715880000002,ltr,HEHOHC+MS-PGothic,5.346299999999985
コシヒカリ,64.56523935999999,85.72371428000001,588.861882,28374.861882,594.208182,True,5.346299999999928,21.158474920000018,ltr,HEHOHC+MS-PGothic,5.346299999999985
"15,915",120.36,139.18116335,588.488702,28374.488702,594.548002,True,6.0593000000000075,18.821163349999992,ltr,HEHOHC+MS-PGothic,6.059299999999979
"16,377",150.11915833,168.88008909,588.488702,28374.488702,594.548002,True,6.0593000000000075,18.760930760000008,ltr,HEHOHC+MS-PGothic,6.059299999999979
"16,276",185.8796729,202.90055106,588.488702,28374.488702,594.548002,True,6.0593000000000075,17.020878159999995,ltr,HEHOHC+MS-PGothic,6.059299999999979
98%,217.01870511,226.48069743,588.488702,28374.488702,594.548002,True,6.0593000000000075,9.461992319999979,ltr,HEHOHC+MS-PGothic,6.059299999999979
101%,237.41869241,250.12046798,588.488702,28374.488702,594.548002,True,6.0593000000000075,12.701775569999995,ltr,HEHOHC+MS-PGothic,6.059299999999979
"15,763",262.13839071,279.09964469000005,588.488702,28374.488702,594.548002,True,6.0593000000000075,16.961253980000038,ltr,HEHOHC+MS-PGothic,6.059299999999979
"15,996",291.11756742,308.07882140000004,588.488702,28374.488702,594.548002,True,6.0593000000000075,16.961253980000038,ltr,HEHOHC+MS-PGothic,6.059299999999979
"15,936",320.09674413,337.11762229,588.488702,28374.488702,594.548002,True,6.0593000000000075,17.020878159999995,ltr,HEHOHC+MS-PGothic,6.059299999999979
101%,347.99538468,360.69716024999997,588.488702,28374.488702,594.548002,True,6.0593000000000075,12.701775569999995,ltr,HEHOHC+MS-PGothic,6.059299999999979
"2,0",379.85477432999994,386.89300000000003,588.488702,28374.488702,594.548002,True,6.0593000000000075,7.038225670000088,ltr,HEHOHC+MS-PGothic,6.059299999999979
富山,47.76,58.46834748,598.101882,28384.101882,603.448182,True,5.346299999999928,10.70834748,ltr,HEHOHC+MS-PGothic,5.346299999999985
てんたかく,64.55987096,88.12661012,598.101882,28384.101882,603.448182,True,5.346299999999928,23.566739159999997,ltr,HEHOHC+MS-PGothic,5.346299999999985
"14,914",120.36,139.18116335,597.788602,28383.788602,603.847902,True,6.0593000000000075,18.821163349999992,ltr,HEHOHC+MS-PGothic,6.059299999999979
"2,056",153.65888771,168.88008908999998,597.788602,28383.788602,603.847902,True,6.0593000000000075,15.221201379999997,ltr,HEHOHC+MS-PGothic,6.059299999999979
"14,854",185.8796729,202.90055106,597.788602,28383.788602,603.847902,True,6.0593000000000075,17.020878159999995,ltr,HEHOHC+MS-PGothic,6.059299999999979
100%,213.77831345,226.48008901999998,597.788602,28383.788602,603.847902,True,6.0593000000000075,12.701775569999967,ltr,HEHOHC+MS-PGothic,6.059299999999979
101%,237.41808400000002,250.11985957,597.788602,28383.788602,603.847902,True,6.0593000000000075,12.701775569999967,ltr,HEHOHC+MS-PGothic,6.059299999999979
"14,794",262.1377823,279.09903628000006,597.788602,28383.788602,603.847902,True,6.0593000000000075,16.961253980000038,ltr,HEHOHC+MS-PGothic,6.059299999999979
"14,878",291.11695901,308.07821299,597.788602,28383.788602,603.847902,True,6.0593000000000075,16.96125397999998,ltr,HEHOHC+MS-PGothic,6.059299999999979
"14,750",320.09613572,337.11701388,597.788602,28383.788602,603.847902,True,6.0593000000000075,17.020878159999995,ltr,HEHOHC+MS-PGothic,6.059299999999979
101%,347.99477627,360.69655184,597.788602,28383.788602,603.847902,True,6.0593000000000075,12.701775569999995,ltr,HEHOHC+MS-PGothic,6.059299999999979
3,384.17448533,386.89300000000003,597.788602,28383.788602,603.847902,True,6.0593000000000075,2.7185146700000473,ltr,HEHOHC+MS-PGothic,6.059299999999979
石川,47.76,58.47371588,607.401782,28393.401782,612.748082,True,5.346299999999928,10.713715880000002,ltr,HEHOHC+MS-PGothic,5.346299999999985
コシヒカリ,64.56523935999999,85.72371428000001,607.401782,28393.401782,612.748082,True,5.346299999999928,21.158474920000018,ltr,HEHOHC+MS-PGothic,5.346299999999985
"15,936",120.36,139.18116335,607.0287020000001,28393.028702,613.088002,True,6.059299999999894,18.821163349999992,ltr,HEHOHC+MS-PGothic,6.059299999999979
"4,743",153.65888771,168.88008908999998,607.0287020000001,28393.028702,613.088002,True,6.059299999999894,15.221201379999997,ltr,HEHOHC+MS-PGothic,6.059299999999979
"15,889",185.8796729,202.90055106,607.0287020000001,28393.028702,613.088002,True,6.059299999999894,17.020878159999995,ltr,HEHOHC+MS-PGothic,6.059299999999979
100%,213.77831345,226.48008901999998,607.0287020000001,28393.028702,613.088002,True,6.059299999999894,12.701775569999967,ltr,HEHOHC+MS-PGothic,6.059299999999979
101%,237.41808400000002,250.11985957,607.0287020000001,28393.028702,613.088002,True,6.059299999999894,12.701775569999967,ltr,HEHOHC+MS-PGothic,6.059299999999979
"15,839",262.1377823,279.09903628000006,607.0287020000001,28393.028702,613.088002,True,6.059299999999894,16.961253980000038,ltr,HEHOHC+MS-PGothic,6.059299999999979
"15,947",291.11695901,308.07821299,607.0287020000001,28393.028702,613.088002,True,6.059299999999894,16.96125397999998,ltr,HEHOHC+MS-PGothic,6.059299999999979
"15,889",320.09613572,337.11701388,607.0287020000001,28393.028702,613.088002,True,6.059299999999894,17.020878159999995,ltr,HEHOHC+MS-PGothic,6.059299999999979
100%,347.99477627,360.69655184,607.0287020000001,28393.028702,613.088002,True,6.059299999999894,12.701775569999995,ltr,HEHOHC+MS-PGothic,6.059299999999979
"1,0",379.85416592,386.89300000000003,607.0287020000001,28393.028702,613.088002,True,6.059299999999894,7.038834080000015,ltr,HEHOHC+MS-PGothic,6.059299999999979
石川,47.76,58.46834748,616.641882,28402.641882,621.988182,True,5.346300000000042,10.70834748,ltr,HEHOHC+MS-PGothic,5.346299999999985
ゆめみづほ,64.55987096,89.96313975999999,616.641882,28402.641882,621.988182,True,5.346300000000042,25.403268799999992,ltr,HEHOHC+MS-PGothic,5.346299999999985
"14,808",120.36,139.18116335,616.2687020000001,28402.268702,622.328002,True,6.059299999999894,18.821163349999992,ltr,HEHOHC+MS-PGothic,6.059299999999979
715,158.69895615000001,168.8806975,616.2687020000001,28402.268702,622.328002,True,6.059299999999894,10.181741349999982,ltr,HEHOHC+MS-PGothic,6.059299999999979
-,199.85971788,202.90176788,616.2687020000001,28402.268702,622.328002,True,6.059299999999894,3.042049999999989,ltr,HEHOHC+MS-PGothic,6.059299999999979
-,223.43986425,226.48191425,616.2687020000001,28402.268702,622.328002,True,6.059299999999894,3.042049999999989,ltr,HEHOHC+MS-PGothic,6.059299999999979
101%,237.41990923,250.1216848,616.2687020000001,28402.268702,622.328002,True,6.059299999999894,12.701775569999995,ltr,HEHOHC+MS-PGothic,6.059299999999979
"14,668",262.13960753000003,279.1008615100001,616.2687020000001,28402.268702,622.328002,True,6.059299999999894,16.961253980000038,ltr,HEHOHC+MS-PGothic,6.059299999999979
"14,788",291.11878424,308.08003822,616.2687020000001,28402.268702,622.328002,True,6.059299999999894,16.96125397999998,ltr,HEHOHC+MS-PGothic,6.059299999999979
"14,634",320.09796095,337.11883910999995,616.2687020000001,28402.268702,622.328002,True,6.059299999999894,17.02087815999994,ltr,HEHOHC+MS-PGothic,6.059299999999979
101%,347.9966015,360.69837707,616.2687020000001,28402.268702,622.328002,True,6.059299999999894,12.701775569999995,ltr,HEHOHC+MS-PGothic,6.059299999999979
福井,47.76,58.47371588,625.9418820000001,28411.941882,631.288182,True,5.346299999999928,10.713715880000002,ltr,HEHOHC+MS-PGothic,5.346299999999985
コシヒカリ,64.56523935999999,85.72371428000001,625.9418820000001,28411.941882,631.288182,True,5.346299999999928,21.158474920000018,ltr,HEHOHC+MS-PGothic,5.346299999999985
"16,381",120.36,139.18116335,625.568702,28411.568702,631.6280019999999,True,6.059299999999894,18.821163349999992,ltr,HEHOHC+MS-PGothic,6.059299999999979
"1,623",153.65888771,168.88008908999998,625.568702,28411.568702,631.6280019999999,True,6.059299999999894,15.221201379999997,ltr,HEHOHC+MS-PGothic,6.059299999999979
"16,321",185.8796729,202.90055106,625.568702,28411.568702,631.6280019999999,True,6.059299999999894,17.020878159999995,ltr,HEHOHC+MS-PGothic,6.059299999999979
100%,213.77831345,226.48008901999998,625.568702,28411.568702,631.6280019999999,True,6.059299999999894,12.701775569999967,ltr,HEHOHC+MS-PGothic,6.059299999999979
102%,237.41808400000002,250.11985957,625.568702,28411.568702,631.6280019999999,True,6.059299999999894,12.701775569999967,ltr,HEHOHC+MS-PGothic,6.059299999999979
"16,066",262.1377823,279.09903628000006,625.568702,28411.568702,631.6280019999999,True,6.059299999999894,16.961253980000038,ltr,HEHOHC+MS-PGothic,6.059299999999979
"16,240",291.11695901,308.07821299,625.568702,28411.568702,631.6280019999999,True,6.059299999999894,16.96125397999998,ltr,HEHOHC+MS-PGothic,6.059299999999979
"16,145",320.09613572,337.11701388,625.568702,28411.568702,631.6280019999999,True,6.059299999999894,17.020878159999995,ltr,HEHOHC+MS-PGothic,6.059299999999979
100%,347.99477627,360.69655184,625.568702,28411.568702,631.6280019999999,True,6.059299999999894,12.701775569999995,ltr,HEHOHC+MS-PGothic,6.059299999999979
"1,8",379.85416592,386.89300000000003,625.568702,28411.568702,631.6280019999999,True,6.059299999999894,7.038834080000015,ltr,HEHOHC+MS-PGothic,6.059299999999979
福井,47.76,58.47210536,635.181882,28421.181882,640.528182,True,5.346300000000042,10.712105360000002,ltr,HEHOHC+MS-PGothic,5.346299999999985
ハナエチゼン,64.56362884,93.84664032,635.181882,28421.181882,640.528182,True,5.346300000000042,29.28301148,ltr,HEHOHC+MS-PGothic,5.346299999999985
"15,017",120.36,139.18116335,634.808702,28420.808702,640.8680019999999,True,6.059299999999894,18.821163349999992,ltr,HEHOHC+MS-PGothic,6.059299999999979
"1,177",153.65888771,168.88008908999998,634.808702,28420.808702,640.8680019999999,True,6.059299999999894,15.221201379999997,ltr,HEHOHC+MS-PGothic,6.059299999999979
"15,173",185.8796729,202.90055106,634.808702,28420.808702,640.8680019999999,True,6.059299999999894,17.020878159999995,ltr,HEHOHC+MS-PGothic,6.059299999999979
99%,217.01870511,226.48069743,634.808702,28420.808702,640.8680019999999,True,6.059299999999894,9.461992319999979,ltr,HEHOHC+MS-PGothic,6.059299999999979
100%,237.41869241,250.12046798,634.808702,28420.808702,640.8680019999999,True,6.059299999999894,12.701775569999995,ltr,HEHOHC+MS-PGothic,6.059299999999979
"14,975",262.13839071,279.09964469000005,634.808702,28420.808702,640.8680019999999,True,6.059299999999894,16.961253980000038,ltr,HEHOHC+MS-PGothic,6.059299999999979
"15,067",291.11756742,308.07882140000004,634.808702,28420.808702,640.8680019999999,True,6.059299999999894,16.961253980000038,ltr,HEHOHC+MS-PGothic,6.059299999999979
"14,924",320.09674413,337.11762229,634.808702,28420.808702,640.8680019999999,True,6.059299999999894,17.020878159999995,ltr,HEHOHC+MS-PGothic,6.059299999999979
101%,347.99538468,360.69716024999997,634.808702,28420.808702,640.8680019999999,True,6.059299999999894,12.701775569999995,ltr,HEHOHC+MS-PGothic,6.059299999999979
9,384.17509373999997,386.89300000000003,634.808702,28420.808702,640.8680019999999,True,6.059299999999894,2.7179062600000634,ltr,HEHOHC+MS-PGothic,6.059299999999979
福井,47.76,58.46834748,644.481882,28430.481882,649.828182,True,5.346299999999928,10.70834748,ltr,HEHOHC+MS-PGothic,5.346299999999985
あきさかり,64.55987096,87.52534931999999,644.481882,28430.481882,649.828182,True,5.346299999999928,22.96547835999999,ltr,HEHOHC+MS-PGothic,5.346299999999985
"15,165",120.36,139.18116335,644.108702,28430.108702,650.168002,True,6.0593000000000075,18.821163349999992,ltr,HEHOHC+MS-PGothic,6.059299999999979
483,158.69895615000001,168.8806975,644.108702,28430.108702,650.168002,True,6.0593000000000075,10.181741349999982,ltr,HEHOHC+MS-PGothic,6.059299999999979
"15,305",185.8796729,202.90055106,644.108702,28430.108702,650.168002,True,6.0593000000000075,17.020878159999995,ltr,HEHOHC+MS-PGothic,6.059299999999979
99%,217.01870511,226.48069743,644.108702,28430.108702,650.168002,True,6.0593000000000075,9.461992319999979,ltr,HEHOHC+MS-PGothic,6.059299999999979
-,247.07841798,250.12046798,644.108702,28430.108702,650.168002,True,6.0593000000000075,3.042049999999989,ltr,HEHOHC+MS-PGothic,6.059299999999979
-,276.0582031,279.10025310000003,644.108702,28430.108702,650.168002,True,6.0593000000000075,3.0420500000000175,ltr,HEHOHC+MS-PGothic,6.059299999999979
"15,104",291.11817583000004,308.07942981,644.108702,28430.108702,650.168002,True,6.0593000000000075,16.96125397999998,ltr,HEHOHC+MS-PGothic,6.059299999999979
-,334.07739752,337.11944752,644.108702,28430.108702,650.168002,True,6.0593000000000075,3.0420500000000175,ltr,HEHOHC+MS-PGothic,6.059299999999979
-,357.65754388999994,360.69959388999996,644.108702,28430.108702,650.168002,True,6.0593000000000075,3.0420500000000175,ltr,HEHOHC+MS-PGothic,6.059299999999979
3,384.17752738,386.89300000000003,644.108702,28430.108702,650.168002,True,6.0593000000000075,2.715472620000014,ltr,HEHOHC+MS-PGothic,6.059299999999979
岐阜,47.76,58.46834748,653.721882,28439.721882,659.068182,True,5.346299999999928,10.70834748,ltr,HEHOHC+MS-PGothic,5.346299999999985
ハツシモ,64.55987096,84.01709992,653.721882,28439.721882,659.068182,True,5.346299999999928,19.45722896000001,ltr,HEHOHC+MS-PGothic,5.346299999999985
"15,359",120.36,139.18116335,653.348702,28439.348702,659.408002,True,6.0593000000000075,18.821163349999992,ltr,HEHOHC+MS-PGothic,6.059299999999979
"2,857",153.65888771,168.88008908999998,653.348702,28439.348702,659.408002,True,6.0593000000000075,15.221201379999997,ltr,HEHOHC+MS-PGothic,6.059299999999979
"15,405",185.8796729,202.90055106,653.348702,28439.348702,659.408002,True,6.0593000000000075,17.020878159999995,ltr,HEHOHC+MS-PGothic,6.059299999999979
100%,213.77831345,226.48008901999998,653.348702,28439.348702,659.408002,True,6.0593000000000075,12.701775569999967,ltr,HEHOHC+MS-PGothic,6.059299999999979
101%,237.41808400000002,250.11985957,653.348702,28439.348702,659.408002,True,6.0593000000000075,12.701775569999967,ltr,HEHOHC+MS-PGothic,6.059299999999979
"15,269",262.1377823,279.09903628000006,653.348702,28439.348702,659.408002,True,6.0593000000000075,16.961253980000038,ltr,HEHOHC+MS-PGothic,6.059299999999979
"15,410",291.11695901,308.07821299,653.348702,28439.348702,659.408002,True,6.0593000000000075,16.96125397999998,ltr,HEHOHC+MS-PGothic,6.059299999999979
"15,357",320.09613572,337.11701388,653.348702,28439.348702,659.408002,True,6.0593000000000075,17.020878159999995,ltr,HEHOHC+MS-PGothic,6.059299999999979
101%,347.99477627,360.69655184,653.348702,28439.348702,659.408002,True,6.0593000000000075,12.701775569999995,ltr,HEHOHC+MS-PGothic,6.059299999999979
7,384.17448533,386.89300000000003,653.348702,28439.348702,659.408002,True,6.0593000000000075,2.7185146700000473,ltr,HEHOHC+MS-PGothic,6.059299999999979
岐阜,47.76,58.47371588,663.021882,28449.021882,668.3681819999999,True,5.346299999999928,10.713715880000002,ltr,HEHOHC+MS-PGothic,5.346299999999985
コシヒカリ,64.56523935999999,85.72371428000001,663.021882,28449.021882,668.3681819999999,True,5.346299999999928,21.158474920000018,ltr,HEHOHC+MS-PGothic,5.346299999999985
"16,022",120.36,139.18116335,662.648702,28448.648702,668.708002,True,6.0593000000000075,18.821163349999992,ltr,HEHOHC+MS-PGothic,6.059299999999979
898,158.69895615000001,168.8806975,662.648702,28448.648702,668.708002,True,6.0593000000000075,10.181741349999982,ltr,HEHOHC+MS-PGothic,6.059299999999979
"16,373",185.8796729,202.90055106,662.648702,28448.648702,668.708002,True,6.0593000000000075,17.020878159999995,ltr,HEHOHC+MS-PGothic,6.059299999999979
98%,217.01870511,226.48069743,662.648702,28448.648702,668.708002,True,6.0593000000000075,9.461992319999979,ltr,HEHOHC+MS-PGothic,6.059299999999979
101%,237.41869241,250.12046798,662.648702,28448.648702,668.708002,True,6.0593000000000075,12.701775569999995,ltr,HEHOHC+MS-PGothic,6.059299999999979
"15,858",262.13839071,279.09964469000005,662.648702,28448.648702,668.708002,True,6.0593000000000075,16.961253980000038,ltr,HEHOHC+MS-PGothic,6.059299999999979
"16,180",291.11756742,308.07882140000004,662.648702,28448.648702,668.708002,True,6.0593000000000075,16.961253980000038,ltr,HEHOHC+MS-PGothic,6.059299999999979
"15,933",320.09674413,337.11762229,662.648702,28448.648702,668.708002,True,6.0593000000000075,17.020878159999995,ltr,HEHOHC+MS-PGothic,6.059299999999979
102%,347.99538468,360.69716024999997,662.648702,28448.648702,668.708002,True,6.0593000000000075,12.701775569999995,ltr,HEHOHC+MS-PGothic,6.059299999999979
8,384.17509373999997,386.89300000000003,662.648702,28448.648702,668.708002,True,6.0593000000000075,2.7179062600000634,ltr,HEHOHC+MS-PGothic,6.059299999999979
岐阜,47.76,58.46834748,672.261882,28458.261882,677.6081819999999,True,5.346299999999928,10.70834748,ltr,HEHOHC+MS-PGothic,5.346299999999985
あさひの夢,64.55987096,89.24806887999999,672.261882,28458.261882,677.6081819999999,True,5.346299999999928,24.688197919999993,ltr,HEHOHC+MS-PGothic,5.346299999999985
"15,256",120.36,139.18116335,671.888702,28457.888702,677.948002,True,6.0593000000000075,18.821163349999992,ltr,HEHOHC+MS-PGothic,6.059299999999979
232,158.69895615000001,168.8806975,671.888702,28457.888702,677.948002,True,6.0593000000000075,10.181741349999982,ltr,HEHOHC+MS-PGothic,6.059299999999979
"14,371",185.8796729,202.90055106,671.888702,28457.888702,677.948002,True,6.0593000000000075,17.020878159999995,ltr,HEHOHC+MS-PGothic,6.059299999999979
106%,213.77831345,226.48008901999998,671.888702,28457.888702,677.948002,True,6.0593000000000075,12.701775569999967,ltr,HEHOHC+MS-PGothic,6.059299999999979
-,247.07780957,250.11985957,671.888702,28457.888702,677.948002,True,6.0593000000000075,3.042049999999989,ltr,HEHOHC+MS-PGothic,6.059299999999979
-,276.05759469000003,279.09964469000005,671.888702,28457.888702,677.948002,True,6.0593000000000075,3.0420500000000175,ltr,HEHOHC+MS-PGothic,6.059299999999979
"14,734",291.11756742,308.07882140000004,671.888702,28457.888702,677.948002,True,6.0593000000000075,16.961253980000038,ltr,HEHOHC+MS-PGothic,6.059299999999979
-,334.07678911,337.11883911,671.888702,28457.888702,677.948002,True,6.0593000000000075,3.0420500000000175,ltr,HEHOHC+MS-PGothic,6.059299999999979
-,357.65693548,360.69898548000003,671.888702,28457.888702,677.948002,True,6.0593000000000075,3.0420500000000175,ltr,HEHOHC+MS-PGothic,6.059299999999979
1,384.17691897,386.89300000000003,671.888702,28457.888702,677.948002,True,6.0593000000000075,2.716081030000055,ltr,HEHOHC+MS-PGothic,6.059299999999979
愛知,47.76,58.47210536,681.561882,28467.561882,686.908182,True,5.346300000000042,10.712105360000002,ltr,HEHOHC+MS-PGothic,5.346299999999985
あいちのかおり,64.56362884,98.98473596000001,681.561882,28467.561882,686.908182,True,5.346300000000042,34.42110712,ltr,HEHOHC+MS-PGothic,5.346299999999985
-,136.14,139.18204999999998,681.188702,28467.188702,687.248002,True,6.0593000000000075,3.042049999999989,ltr,HEHOHC+MS-PGothic,6.059299999999979
-,165.84014255999998,168.88219255999996,681.188702,28467.188702,687.248002,True,6.0593000000000075,3.042049999999989,ltr,HEHOHC+MS-PGothic,6.059299999999979
-,199.85999612,202.90204612,681.188702,28467.188702,687.248002,True,6.0593000000000075,3.042049999999989,ltr,HEHOHC+MS-PGothic,6.059299999999979
-,223.44014249,226.48219249,681.188702,28467.188702,687.248002,True,6.0593000000000075,3.042049999999989,ltr,HEHOHC+MS-PGothic,6.059299999999979
-,247.07991304,250.12196304,681.188702,28467.188702,687.248002,True,6.0593000000000075,3.042049999999989,ltr,HEHOHC+MS-PGothic,6.059299999999979
"14,552",262.13988577,279.10113975,681.188702,28467.188702,687.248002,True,6.0593000000000075,16.961253980000038,ltr,HEHOHC+MS-PGothic,6.059299999999979
"14,781",291.11906248,308.08031646,681.188702,28467.188702,687.248002,True,6.0593000000000075,16.96125397999998,ltr,HEHOHC+MS-PGothic,6.059299999999979
"14,806",320.09823918999996,337.11911735,681.188702,28467.188702,687.248002,True,6.0593000000000075,17.020878160000052,ltr,HEHOHC+MS-PGothic,6.059299999999979
100%,347.99687973999994,360.69865530999994,681.188702,28467.188702,687.248002,True,6.0593000000000075,12.701775569999995,ltr,HEHOHC+MS-PGothic,6.059299999999979
愛知,47.76,58.47371588,690.801882,28476.801882,696.148182,True,5.346300000000042,10.713715880000002,ltr,HEHOHC+MS-PGothic,5.346299999999985
コシヒカリ,64.56523935999999,85.72371428000001,690.801882,28476.801882,696.148182,True,5.346300000000042,21.158474920000018,ltr,HEHOHC+MS-PGothic,5.346299999999985
-,136.14,139.18204999999998,690.428602,28476.428602,696.487902,True,6.0593000000000075,3.042049999999989,ltr,HEHOHC+MS-PGothic,6.059299999999979
-,165.84014255999998,168.88219255999996,690.428602,28476.428602,696.487902,True,6.0593000000000075,3.042049999999989,ltr,HEHOHC+MS-PGothic,6.059299999999979
-,199.85999612,202.90204612,690.428602,28476.428602,696.487902,True,6.0593000000000075,3.042049999999989,ltr,HEHOHC+MS-PGothic,6.059299999999979
-,223.44014249,226.48219249,690.428602,28476.428602,696.487902,True,6.0593000000000075,3.042049999999989,ltr,HEHOHC+MS-PGothic,6.059299999999979
-,247.07991304,250.12196304,690.428602,28476.428602,696.487902,True,6.0593000000000075,3.042049999999989,ltr,HEHOHC+MS-PGothic,6.059299999999979
-,276.05969816,279.10174816,690.428602,28476.428602,696.487902,True,6.0593000000000075,3.0420500000000175,ltr,HEHOHC+MS-PGothic,6.059299999999979
"15,542",291.11967089,308.08092487,690.428602,28476.428602,696.487902,True,6.0593000000000075,16.96125397999998,ltr,HEHOHC+MS-PGothic,6.059299999999979
"15,410",320.09884759999994,337.11972575999994,690.428602,28476.428602,696.487902,True,6.0593000000000075,17.020878159999995,ltr,HEHOHC+MS-PGothic,6.059299999999979
101%,347.9974881499999,360.69926372,690.428602,28476.428602,696.487902,True,6.0593000000000075,12.701775570000052,ltr,HEHOHC+MS-PGothic,6.059299999999979
愛知,47.76,58.46834748,700.041782,28486.041782,705.3880819999999,True,5.346299999999928,10.70834748,ltr,HEHOHC+MS-PGothic,5.346299999999985
大地の風,64.55987096,86.00823948,700.041782,28486.041782,705.3880819999999,True,5.346299999999928,21.448368520000002,ltr,HEHOHC+MS-PGothic,5.346299999999985
-,136.14,139.18204999999998,699.728702,28485.728702,705.788002,True,6.0593000000000075,3.042049999999989,ltr,HEHOHC+MS-PGothic,6.059299999999979
-,165.84014255999998,168.88219255999996,699.728702,28485.728702,705.788002,True,6.0593000000000075,3.042049999999989,ltr,HEHOHC+MS-PGothic,6.059299999999979
-,199.85999612,202.90204612,699.728702,28485.728702,705.788002,True,6.0593000000000075,3.042049999999989,ltr,HEHOHC+MS-PGothic,6.059299999999979
-,223.44014249,226.48219249,699.728702,28485.728702,705.788002,True,6.0593000000000075,3.042049999999989,ltr,HEHOHC+MS-PGothic,6.059299999999979
-,247.07991304,250.12196304,699.728702,28485.728702,705.788002,True,6.0593000000000075,3.042049999999989,ltr,HEHOHC+MS-PGothic,6.059299999999979
"14,603",262.13988577,279.10113975,699.728702,28485.728702,705.788002,True,6.0593000000000075,16.961253980000038,ltr,HEHOHC+MS-PGothic,6.059299999999979
"14,975",291.11906248,308.08031646,699.728702,28485.728702,705.788002,True,6.0593000000000075,16.96125397999998,ltr,HEHOHC+MS-PGothic,6.059299999999979
"14,970",320.09823918999996,337.11911735,699.728702,28485.728702,705.788002,True,6.0593000000000075,17.020878160000052,ltr,HEHOHC+MS-PGothic,6.059299999999979
100%,347.99687973999994,360.69865530999994,699.728702,28485.728702,705.788002,True,6.0593000000000075,12.701775569999995,ltr,HEHOHC+MS-PGothic,6.059299999999979
三重,47.76,58.4672738,709.3418819999999,28495.341882,714.688182,True,5.346300000000042,10.707273800000003,ltr,HEHOHC+MS-PGothic,5.346299999999985
コシヒカリ（一般）,64.55879728,101.92339812000002,709.3418819999999,28495.341882,714.688182,True,5.346300000000042,37.36460084000002,ltr,HEHOHC+MS-PGothic,5.346299999999985
"15,602",120.36,139.18116335,708.968702,28494.968702,715.028002,True,6.0593000000000075,18.821163349999992,ltr,HEHOHC+MS-PGothic,6.059299999999993
"3,308",153.65888771,168.88008908999998,708.968702,28494.968702,715.028002,True,6.0593000000000075,15.221201379999997,ltr,HEHOHC+MS-PGothic,6.059299999999993
"15,459",185.8796729,202.90055106,708.968702,28494.968702,715.028002,True,6.0593000000000075,17.020878159999995,ltr,HEHOHC+MS-PGothic,6.059299999999993
101%,213.77831345,226.48008901999998,708.968702,28494.968702,715.028002,True,6.0593000000000075,12.701775569999967,ltr,HEHOHC+MS-PGothic,6.059299999999993
101%,237.41808400000002,250.11985957,708.968702,28494.968702,715.028002,True,6.0593000000000075,12.701775569999967,ltr,HEHOHC+MS-PGothic,6.059299999999993
"15,433",262.1377823,279.09903628000006,708.968702,28494.968702,715.028002,True,6.0593000000000075,16.961253980000038,ltr,HEHOHC+MS-PGothic,6.059299999999993
"15,557",291.11695901,308.07821299,708.968702,28494.968702,715.028002,True,6.0593000000000075,16.96125397999998,ltr,HEHOHC+MS-PGothic,6.059299999999993
"15,390",320.09613572,337.11701388,708.968702,28494.968702,715.028002,True,6.0593000000000075,17.020878159999995,ltr,HEHOHC+MS-PGothic,6.059299999999993
101%,347.99477627,360.69655184,708.968702,28494.968702,715.028002,True,6.0593000000000075,12.701775569999995,ltr,HEHOHC+MS-PGothic,6.059299999999993
"2,8",379.85416592,386.89300000000003,708.968702,28494.968702,715.028002,True,6.0593000000000075,7.038834080000015,ltr,HEHOHC+MS-PGothic,6.059299999999993
三重,47.76,58.4672738,718.581882,28504.581882,723.928182,True,5.346300000000042,10.707273800000003,ltr,HEHOHC+MS-PGothic,5.346299999999999
コシヒカリ（伊賀）,64.55879728,101.92339812000002,718.581882,28504.581882,723.928182,True,5.346300000000042,37.36460084000002,ltr,HEHOHC+MS-PGothic,5.346299999999999
"15,917",120.36,139.18116335,718.208602,28504.208602,724.267902,True,6.0593000000000075,18.821163349999992,ltr,HEHOHC+MS-PGothic,6.0593000000000075
852,158.69895615000001,168.8806975,718.208602,28504.208602,724.267902,True,6.0593000000000075,10.181741349999982,ltr,HEHOHC+MS-PGothic,6.0593000000000075
"15,887",185.8796729,202.90055106,718.208602,28504.208602,724.267902,True,6.0593000000000075,17.020878159999995,ltr,HEHOHC+MS-PGothic,6.0593000000000075
100%,213.77831345,226.48008901999998,718.208602,28504.208602,724.267902,True,6.0593000000000075,12.701775569999967,ltr,HEHOHC+MS-PGothic,6.0593000000000075
99%,240.65786725,250.11985957,718.208602,28504.208602,724.267902,True,6.0593000000000075,9.461992319999979,ltr,HEHOHC+MS-PGothic,6.0593000000000075
"16,030",262.1377823,279.09903628000006,718.208602,28504.208602,724.267902,True,6.0593000000000075,16.961253980000038,ltr,HEHOHC+MS-PGothic,6.0593000000000075
"15,921",291.11695901,308.07821299,718.208602,28504.208602,724.267902,True,6.0593000000000075,16.96125397999998,ltr,HEHOHC+MS-PGothic,6.0593000000000075
"15,882",320.09613572,337.11701387999994,718.208602,28504.208602,724.267902,True,6.0593000000000075,17.02087815999994,ltr,HEHOHC+MS-PGothic,6.0593000000000075
100%,347.99477627,360.69655184,718.208602,28504.208602,724.267902,True,6.0593000000000075,12.701775569999995,ltr,HEHOHC+MS-PGothic,6.0593000000000075
5,384.1744853299999,386.89300000000003,718.208602,28504.208602,724.267902,True,6.0593000000000075,2.718514670000104,ltr,HEHOHC+MS-PGothic,6.0593000000000075
三重,47.76,58.46834748,727.881882,28513.881882,733.228182,True,5.346299999999928,10.70834748,ltr,HEHOHC+MS-PGothic,5.346299999999999
キヌヒカリ,64.55987096,86.08447076,727.881882,28513.881882,733.228182,True,5.346299999999928,21.524599800000004,ltr,HEHOHC+MS-PGothic,5.346299999999999
"14,807",120.36,139.18116335,727.508702,28513.508702,733.568002,True,6.0593000000000075,18.821163349999992,ltr,HEHOHC+MS-PGothic,6.0593000000000075
244,158.69895615000001,168.8806975,727.508702,28513.508702,733.568002,True,6.0593000000000075,10.181741349999982,ltr,HEHOHC+MS-PGothic,6.0593000000000075
"14,807",185.8796729,202.90055106,727.508702,28513.508702,733.568002,True,6.0593000000000075,17.020878159999995,ltr,HEHOHC+MS-PGothic,6.0593000000000075
100%,213.77831345,226.48008901999998,727.508702,28513.508702,733.568002,True,6.0593000000000075,12.701775569999967,ltr,HEHOHC+MS-PGothic,6.0593000000000075
100%,237.41808400000002,250.11985957,727.508702,28513.508702,733.568002,True,6.0593000000000075,12.701775569999967,ltr,HEHOHC+MS-PGothic,6.0593000000000075
"14,857",262.1377823,279.09903628000006,727.508702,28513.508702,733.568002,True,6.0593000000000075,16.961253980000038,ltr,HEHOHC+MS-PGothic,6.0593000000000075
"14,831",291.11695901,308.07821299,727.508702,28513.508702,733.568002,True,6.0593000000000075,16.96125397999998,ltr,HEHOHC+MS-PGothic,6.0593000000000075
"14,813",320.09613572,337.11701388,727.508702,28513.508702,733.568002,True,6.0593000000000075,17.020878159999995,ltr,HEHOHC+MS-PGothic,6.0593000000000075
100%,347.99477627,360.69655184,727.508702,28513.508702,733.568002,True,6.0593000000000075,12.701775569999995,ltr,HEHOHC+MS-PGothic,6.0593000000000075
3,384.17448533,386.89300000000003,727.508702,28513.508702,733.568002,True,6.0593000000000075,2.7185146700000473,ltr,HEHOHC+MS-PGothic,6.0593000000000075
注：本表の注意点は次頁の脚注を参照,43.44,119.31087872,735.694804,28521.694804,740.328404,True,4.633600000000001,75.87087872000001,ltr,HEHOHC+MS-PGothic,4.633600000000001
元年産米,128.64,152.60685601999998,114.07529199999999,27900.075292,119.77809200000002,True,5.702800000000025,23.966856019999994,ltr,HEHOHC+MS-PGothic,5.702800000000025
月別価格,216.30106355000004,239.18736676000006,111.91507135999996,27897.91507136,117.61787135999998,True,5.702800000000025,22.886303210000023,ltr,HEHOHC+MS-PGothic,5.702800000000025
年産平均価格,304.32116611000004,338.72763966,111.91507135999996,27897.91507136,117.61787135999998,True,5.702800000000025,34.40647354999999,ltr,HEHOHC+MS-PGothic,5.702800000000025
令和２年３月,124.68026354999999,157.23084327,121.21519760000001,27907.2151976,126.91799760000004,True,5.702800000000025,32.550579720000016,ltr,HEHOHC+MS-PGothic,5.702800000000025
元年産米,179.1,200.54836852,125.84188200000006,27911.841882,131.18818199999998,True,5.346299999999928,21.448368520000002,ltr,HEHOHC+MS-PGothic,5.346299999999928
30年産米,255.30068011999998,277.16939436,125.84188200000006,27911.841882,131.18818199999998,True,5.346299999999928,21.86871424000003,ltr,HEHOHC+MS-PGothic,5.346299999999928
元年産米,369.84139935999997,386.89300000000003,125.84188200000006,27911.841882,131.18818199999998,True,5.346299999999928,17.05160064000006,ltr,HEHOHC+MS-PGothic,5.346299999999928
（2年2月),179.46021964,200.4179164,132.26171904,27918.26171904,137.60801903999993,True,5.346299999999928,20.957696760000005,ltr,HEHOHC+MS-PGothic,5.346299999999928
(31年3月),254.58077767999998,277.34010947999997,132.26171904,27918.26171904,137.60801903999993,True,5.346299999999928,22.759331799999984,ltr,HEHOHC+MS-PGothic,5.346299999999928
（2年2月,370.201619,386.89300000000003,132.26171904,27918.26171904,137.60801903999993,True,5.346299999999928,16.691381000000035,ltr,HEHOHC+MS-PGothic,5.346299999999928
